ARTIST_ID,ARTIST_MDA,START_LETTER
5295,"?British School, ?16th Century",?
10093,"Abakanowicz, Magdalena",A
0,"Abbey, Edwin Austin",A
2756,"Abbott, Berenice",A
1,"Abbott, Lemuel Francis",A
622,"Abrahams, Ivor",A
2606,Absalon,A
9550,"Abts, Tomma",A
623,"Acconci, Vito",A
624,"Ackling, Roger",A
625,"Ackroyd, Norman",A
2411,"Adam, Robert",A
626,"Adams, Harry William",A
627,"Adams, Norman",A
628,"Adams, Robert",A
629,"Adeney, Bernard",A
630,"Adler, Jankel",A
2608,"Adshead, Mary",A
631,"Adzak, Roy",A
632,Afro,A
633,"Agar, Eileen",A
2,"Agasse, Jacques Laurent",A
3098,"Ahtila, Eija-Liisa",A
8208,"Ai, Weiwei",A
634,"Aitchison, Craigie",A
635,"Ajmone, Giuseppe",A
14744,"Aksel, Erdag",A
7794,"Al-Ani, Jananne",A
3067,"Albers, Anni",A
636,"Albers, Josef",A
637,"Albright, Ivan",A
638,"Aldridge, John",A
639,"Alechinsky, Pierre",A
640,"Alexander, Edwin",A
2470,"Alexander, William",A
11315,"Alimpiev, Victor",A
2472,Alken Family,A
3,"Alken, Henry Thomas",A
2471,"Alken, Samuel, Senior",A
2473,"Allan, David",A
641,"Allan, Julian Phelps",A
4,"Allan, Sir William",A
2304,"Allen, George Warner",A
5,"Allen, Joseph William",A
12153,"Allen, Phillip",A
12520,"Allen, Richard",A
642,"Alley, Anthea",A
643,"Allington, Edward",A
644,"Allinson, Adrian",A
2273,"Allom, Thomas",A
6259,"Allora, Jennifer",A
6,"Alma-Tadema, Sir Lawrence",A
12989,"Almeida, Helena",A
2657,"Almond, Darren",A
7620,"Althamer, Pawel",A
645,"Altoon, John",A
4427,"Alÿs, Francis",A
7,"Amiconi, Giacomo",A
646,"Amiet, Cuno",A
7533,"Amorales, Carlos",A
647,"Amuchastegui, Axel",A
14647,"Amzalag, Michael",A
12583,"Anderson, Hurvin",A
8,"Anderton, Henry",A
8961,"Andrade Tudela, Armando",A
15587,"Andrade, Jonathas de",A
648,"Andre, Carl",A
2704,"Andreenko, Michel",A
649,"Andrews, Michael",A
9,"Angellis, Peter",A
650,"Annesley, David",A
5221,Anonymous,A
651,"Anquetin, Louis",A
652,"Anrep, Boris",A
13677,"Ansarinia, Nazgol",A
10,"Ansdell, Richard",A
12475,"Anselmo, Giovanni",A
15135,"Ant Farm (Chip Lord, born 1944, Doug Michels, 1943-2003, Curtis Schreier, born 1944)",A
11604,"Antin, Eleanor",A
653,"Anuszkiewicz, Richard",A
10241,"Apóstol, Alexander",A
654,"Appel, Karel",A
655,"Appelbee, Leonard",A
656,"Appleyard, Fred",A
2364,"Araeen, Rasheed",A
657,"Arakawa, Shusaku",A
2752,"Araki, Nobuyoshi",A
10494,"Araujo, Juan",A
5271,"Arbus, Diane",A
12604,"Arcangel, Cory",A
658,"Archipenko, Alexander",A
659,"Ardizzone, Edward",A
660,"Ardon, Mordecai",A
661,"Arikha, Avigdor",A
662,Arman,A
663,"Armfield, Maxwell Ashby",A
11,"Armitage, Edward",A
664,"Armitage, Kenneth",A
12,"Armstead, Henry Hugh",A
665,"Armstrong, John",A
13,"Arnald, George",A
666,"Arnatt, Keith",A
667,"Arp, Jean",A
16245,Art & Language (Harold Hurrell),A
16236,Art & Language (Ian Burn),A
16838,Art & Language (Michael Baldwin),A
2202,"Art & Language (Michael Baldwin, born 1945; Mel Ramsden, born 1944)",A
17138,"Art & Language (Terry Atkinson, born 1939; David Bainbridge, born 1941; Michael Baldwin, born 1945; Harold Hurrell, born",A
668,"Art & Language (Terry Atkinson, born 1939; Michael Baldwin, born 1945)",A
2474,"Artaud, William",A
669,"Artschwager, Richard",A
670,"Askew, Victor",A
5229,"Ataman, Kutlug",A
6630,"Atay, Fikret",A
15601,"Atkins, Ed",A
14,"Atkins, Samuel",A
671,"Atkinson, Conrad",A
2412,"Atkinson, John Augustus",A
672,"Atkinson, Lawrence",A
11829,"Atkinson, Terry",A
673,"Atlan, Jean-Michel",A
7639,Atlas Group,A
15557,"Atlas, Charles",A
13674,"Attia, Kader",A
674,"Atwood, Clare",A
675,"Auerbach, Arnold",A
676,"Auerbach, Frank",A
14648,"Augustyniak, Mathias",A
15,"Aumonier, James",A
2398,"Austen, David",A
677,"Austin, Robert",A
5711,"Avedon, Richard",A
10764,"Avery, Charles",A
678,"Avery, Milton",A
2714,"Aviline, François Antoine",A
2479,"Aylesford, Heneage Finch, Fifth Earl of",A
2480,"Aylesford, Heneage Finch, Fourth Earl of",A
679,"Ayot, Pierre",A
680,"Ayres, OBE Gillian",A
681,"Ayrton, Michael",A
14743,"Baalbaki, Ayman",B
13866,"Bäckström, Miriam",B
682,"Bacon, Francis",B
18070,"Bacon, John",B
683,"Bacon, John Henry F.",B
2370,"Bacon, Sir Nathaniel",B
12918,"Baehnisch, Ruth",B
684,"Baer, Jo",B
685,"Baertling, Olle",B
16,"Baily, Edward Hodges",B
686,"Baj, Enrico",B
13678,"Bakhshi Moakhar, Mahmoud",B
687,"Baldessari, John",B
2360,"Balka, Miroslaw",B
688,"Balla, Giacomo",B
12038,"Ballen, Roger",B
5373,"Baltz, Lewis",B
690,"Banc, Jef",B
2687,"Banner, Fiona",B
691,"Banting, John",B
692,"Baran, Stefan",B
4731,"Barclay, Claire",B
18,"Barenger, James",B
12686,"Barham, Anna",B
693,"Barker, Clive",B
694,"Barker, Margaret",B
19,"Barker, Thomas, of Bath",B
695,"Barlach, Ernst",B
20,"Barlow, Francis",B
10908,"Barlow, Phyllida",B
2476,"Barnard, Rev. William Henry",B
2362,"Barney, Matthew",B
696,"Barni, Roberto",B
697,"Barns-Graham, Wilhelmina",B
14953,"Barrada, Yto",B
22,"Barret, George, Junior",B
21,"Barret, George, Senior",B
10168,"Barriball, Anna",B
23,"Barron, Hugh",B
14311,"Barros, Geraldo de",B
2477,"Barrow, Joseph Charles",B
24,"Barry, James",B
6882,"Bartana, Yael",B
2678,"Barth, Uta",B
698,"Bartlett, Jennifer",B
2478,"Bartolozzi, Francesco",B
6217,"Basbaum, Ricardo",B
699,"Baselitz, Georg",B
700,"Baskin, Leonard",B
4915,"Batchelor, David",B
25,"Bateman, James",B
701,"Bateman, James",B
26,"Bates, Harry",B
702,"Bates, Maxwell",B
8807,"Batterham, Richard",B
703,"Bauchant, André",B
704,"Bauer, Marius",B
705,"Baumeister, Willi",B
706,"Baumgarten, Lothar",B
707,"Bawden, Edward",B
708,"Bawden, Richard",B
709,"Baxter, Glen",B
710,"Baxter, Iain",B
2413,"Baxter, Thomas Tennant",B
711,"Bayer, Herbert",B
712,"Bayes, Gilbert",B
713,"Bayes, Walter",B
6275,"Baynard, Ed",B
714,"Baziotes, William",B
27,"Beach, Thomas",B
2306,"Beale, Mary",B
715,"Beament, Tib",B
2705,"Beard, John",B
716,"Beardsley, Aubrey",B
28,"Beare, George",B
717,"Beattie, Basil",B
29,"Beaumont, Sir George Howland, Bt",B
10983,"Beban, Breda",B
718,"Becher, Prof. Bernd",B
2557,"Becker, Ferdinand",B
719,"Becker, Harald",B
6303,"Beckley, Bill",B
720,"Beckmann, Max",B
9118,"Bedia, Jose",B
30,"Beechey, Sir William",B
721,"Beer, Richard",B
722,"Beerbohm, Sir Max",B
723,"Beeton, Alan",B
724,"Beggs, Guy",B
31,"Behnes, William",B
725,"Belcher, George",B
11822,"Belhaj-Kacem, Mehdi",B
726,"Bell, Graham",B
32,"Bell, John Zephaniah",B
727,"Bell, Larry",B
728,"Bell, Laura Anning",B
729,"Bell, Robert Anning",B
730,"Bell, Trevor",B
731,"Bell, Vanessa",B
732,"Bellany, John",B
733,"Bellegarde, Claude",B
735,"Bellingham-Smith, Elinor",B
736,"Bellmer, Hans",B
2618,"Belloguet, A.",B
2549,"Benazech, Peter Paul",B
18264,"Bendix Skyum Larsen, Nikolaj",B
7290,"Benglis, Lynda",B
737,"Benjamin, Anthony",B
33,"Bennett, William",B
738,"Benois, Alexander",B
739,"Benois, Nadia",B
2240,"Benrath, Frédéric",B
740,"Benson, Abraham Harris",B
741,"Béraud, Jean",B
742,"Berber, Mersad",B
743,"Berg, Adrian",B
18242,"Bergvall, Caroline",B
2481,"Berkeley, Rev C J R",B
744,"Berman, Eugène",B
745,"Bernik, Janez",B
746,"Berry, John",B
2234,"Berthot, Jake",B
34,"Bettes, John",B
747,"Beuys, Joseph",B
748,"Bevan, Robert",B
2371,"Bevan, Tony",B
35,"Bewick, Thomas",B
5469,"Bhimji, Zarina",B
749,"Bicât, André",B
2296,"Bickerton, Ashley",B
750,"Biederman, Charles",B
15999,"Biermann, Aenne",B
1658,"Bigge, John",B
12110,"Bill, Simon",B
2749,"Billingham, Richard",B
751,"Binning, Bertram",B
752,"Bionda, Mario",B
753,"Birch, Samuel John Lamorna",B
36,"Bird, Edward",B
754,"Bird, John",B
16782,"Birdhead (Ji Weiyu, born 1980; Song Tao, born 1979)",B
755,"Bishop, Henry",B
756,"Bissier, Julius",B
757,"Bissière, Roger",B
758,"Bissill, George",B
6500,"Bjørlo, Per Inge",B
9260,Black Audio Film Collective,B
11563,"Black, Karla",B
759,"Black, Sheila",B
760,"Blackadder, Elizabeth",B
761,"Blacker, Kate",B
2245,"Blais, Jean-Charles",B
37,"Blake, Benjamin",B
762,"Blake, John",B
763,"Blake, Peter",B
38,"Blake, Robert",B
39,"Blake, William",B
764,"Blamey, Norman",B
765,"Blanche, Jacques-Emile",B
766,"Bland, Beatrice",B
767,"Blaymires, Charles Henry",B
2759,"Bleckner, Ross",B
3652,"Blees Luxemburg, Rut",B
768,"Bliss, Douglas Percy",B
769,"Bloch, Martin",B
13711,"Blom, Ansuya",B
2229,"Blore, Edward",B
770,"Blow, Sandra",B
13048,"Bo, Hou",B
771,"Boccioni, Umberto",B
772,"Bochner, Mel",B
773,"Bock, Théophile de",B
774,"Boden, Neville",B
40,"Boehm, Sir Joseph Edgar",B
7713,"Boetti, Alighiero",B
9822,"Bohm, Dorothy",B
775,"Boisvert, Gilles",B
2740,"Boitard, Louis Philippe",B
2305,"Boltanski, Christian",B
776,"Bolus, Michael",B
777,"Bomberg, David",B
2586,"Bond, Henry",B
778,"Bone, Sir Muirhead",B
779,"Bone, Stephen",B
780,"Bonechi, Lorenzo",B
41,"Bonington, Richard Parkes",B
781,"Bonnard, Pierre",B
782,"Bontecou, Lee",B
13195,"Booth, L",B
2702,"Borland, Christine",B
783,"Bornfriend, Jacob",B
784,"Borofsky, Jonathan",B
42,"Borseller, Peter",B
785,"Boshier, Derek",B
786,"Bosman, Richard",B
787,"Boswell, James",B
2684,"Boty, Pauline",B
43,"Bough, Samuel",B
44,"Boughton, George Henry",B
788,"Boumans, Bart",B
789,"Bourdelle, Antoine",B
2351,"Bourgeois, Louise",B
2707,"Bourne, James",B
790,"Bouvier de Cachard, Comte Régis Guy de",B
4381,"Bowen, Denis",B
45,"Bower, Edward",B
791,"Bowey, Olwyn",B
46,"Bowler, Henry Alexander",B
792,"Bowling, Frank",B
793,"Box, E.",B
47,"Boxall, Sir William",B
6550,"Boxer, Stanley",B
48,"Boyce, George Price",B
7630,"Boyce, Martin",B
794,"Boyce, Sonia",B
795,"Boyd and Evans, Fionnuala and Leslie",B
1249,"Boyd Harte, Glynn",B
796,"Boyd, Arthur",B
797,"Boyle, Mark",B
2482,"Boyne, John",B
49,"Boys, Thomas Shotter",B
50,"Brabazon, Hercules Brabazon",B
8804,"Braden, Norah",B
9242,"Bradford, Mark",B
798,"Bradley, Martin",B
51,"Bramley, Frank",B
799,"Brammer, Leonard",B
800,"Brancusi, Constantin",B
2414,"Brandard, Robert",B
9570,"Brandenburg, Ulla von",B
2742,"Brandoin, Michael-Vincent Charles",B
801,"Brandt, Bill",B
802,"Brangwyn, Sir Frank",B
3094,"Branson, Clive",B
52,"Branwhite, Nathan",B
803,"Braque, Georges",B
11259,Brassai,B
804,"Bratby, John",B
2719,"Bravo, Manuel Álvarez",B
805,"Breakwell, Ian",B
564,"Bree, Rev. William",B
806,"Breeze, Claude",B
807,"Breton, André",B
808,"Brett, Bernard",B
53,"Brett, John",B
809,"Brett, The Hon. Dorothy",B
54,"Bridell, Frederick Lee",B
810,"Bridgewater, Alan",B
811,"Briggs, Ernest",B
55,"Briggs, Henry Perronet",B
2415,"Bright, Henry",B
812,"Brill, Frederick",B
2671,"Brill, Reginald",B
813,"Brisley, Stuart",B
2638,British (?) School,B
61,British (?) School 19th Century,B
56,British School 16th century,B
57,British School 17th century,B
58,British School 17th or 18th century,B
59,British School 18th century,B
60,British School 19th century,B
2548,British School 20th century,B
62,"Brock, Sir Thomas",B
11347,"Brockhurst, Gerald",B
814,"Brodzky, Horace",B
11761,"Bronstein, Pablo",B
815,"Broodthaers, Marcel",B
816,"Brook, Peter",B
63,"Brooke, William Henry",B
817,"Brooker, William",B
64,"Brooking, Charles",B
818,"Brooks, James",B
10428,"Broom, Christina",B
16107,"Broomberg, Adam",B
819,"Brough, Robert",B
820,"Brough, Romey",B
8785,"Brouwn, Stanley",B
2703,"Brown, Cecily",B
2587,"Brown, Don",B
65,"Brown, Ford Madox",B
66,"Brown, Frederick",B
67,"Brown, Kellock",B
822,"Brown, Mortimer",B
823,"Brown, Ralph",B
821,"Brown, Sir Arnesby",B
2562,"Browne, Hablot Knight",B
824,"Browne, Henriette",B
11982,"Bruguera, Tania",B
825,"Brundrit, Reginald",B
3824,"Brunias, Agostino",B
2264,"Brüning, Peter",B
826,"Brunsdon, John",B
827,"Brus, Günter",B
14432,"Bruscky, Paulo",B
11951,"Bruton, Jo",B
9098,"Bryce, Fernando",B
2738,"Buchanan, Roderick",B
2276,"Buchheister, Carl",B
14637,"Buchler, Pavel",B
2483,"Buck, Adam",B
11696,"Buckingham, Matthew",B
828,"Buckley, Stephen",B
829,"Buffet, Bernard",B
830,"Buhler, Robert",B
9058,"Bulloch, Angela",B
2550,"Bunbury, Charles",B
2416,"Bunbury, Henry William",B
831,"Bundy, Edgar",B
832,"Burchfield, Charles",B
6319,"Burden, Chris",B
833,"Buren, Daniel",B
5625,"Burgess, John",B
834,"Burgin, Victor",B
835,"Burkert, Robert",B
836,"Burn, Rodney J.",B
68,"Burne-Jones, Sir Edward Coley, Bt",B
69,"Burnet, James",B
2558,"Burnet, John",B
2334,"Burney, Edward Francis",B
837,"Burra, Edward",B
838,"Burri, Alberto",B
972,"Burt (née Dallas), Angela",B
839,"Burt, Laurence",B
840,"Burton, Scott",B
70,"Burton, William Shakespeare",B
15853,"Burtynsky, Edward",B
841,"Bury, Pol",B
842,"Bush, Jack",B
843,"Bussy, Simon",B
6992,"Bustamante, Jean-Marc",B
71,"Butler, Elizabeth",B
72,"Butler, Mildred Anne",B
844,"Butler, Reg",B
73,"Butler, Samuel",B
2263,"Butts, John",B
74,"Buvelot, Louis",B
11455,"Byrne, Gerard",B
14505,"Cabrita Reis, Pedro",C
9243,"Cadere, André",C
845,"Cage, John",C
846,"Cahn, Miriam",C
10611,"Cahun, Claude",C
75,"Cain, Neville",C
847,"Caiserman-Roth, Ghitta",C
76,"Caldecott, Randolph",C
848,"Calder, Alexander",C
77,"Calderon, Philip Hermogenes",C
13491,"Callahan, Harry",C
78,"Callcott, Sir Augustus Wall",C
2692,"Calle, Sophie",C
2396,"Callery, Simon",C
849,"Calliyannis, Manolis",C
79,"Callow, William",C
80,"Calthrop, Claude",C
2417,"Calvert, Charles",C
81,"Calvert, Edward",C
6260,"Calzadilla, Guillermo",C
850,"Camargo, Sergio de",C
852,"Cameron, Katherine",C
851,"Cameron, Sir David",C
6211,"Camnitzer, Luis",C
853,"Camp, Jeffery",C
12393,"Campbell, Duncan",C
2385,"Campbell, James",C
854,"Campbell, Steven",C
82,"Campion, George B.",C
11797,"Campus, Peter",C
2302,Canaletto,C
13793,"Caniaris, Vlassis",C
855,"Canin, Martin",C
12113,"Cantor, Ellen",C
10272,"Cao, Fei",C
856,"Capel Doray, Audrey",C
857,"Carder, Malcolm",C
8803,"Cardew, Michel",C
4499,"Cardiff, Janet",C
859,"Cardoso, José, Junior",C
9119,"Cardoso, Maria",C
83,"Carline, George",C
860,"Carline, Hilda",C
861,"Carline, Nancy",C
862,"Carline, Richard",C
863,"Carline, Sydney",C
84,"Carlisle, George Howard, Ninth Earl of",C
864,"Carlo, Michael",C
5248,"Carnegie, Gillian",C
11738,"Carneiro, André",C
16015,"Caro, Antonio",C
865,"Caro, Sir Anthony",C
866,"Carr, Thomas",C
867,"Carrière, Eugène",C
868,"Carrington, Dora",C
7615,"Carrington, Leonora",C
869,"Carter, B.A.R.",C
85,"Carter, Hugh",C
7079,"Carter, Nathan",C
86,"Carter, Samuel John",C
870,"Carter, William",C
2729,"Cartier-Bresson, Henri",C
2484,"Carwitham, Thomas",C
2105,"Casas, Juan Vila",C
4624,"Casebere, James",C
871,"Cast, Jesse Dale",C
87,"Cattermole, George",C
873,"Caulfield, Patrick",C
874,"Cazin, Jean-Charles",C
875,"Cazin, Marie",C
876,"Celic, Stojan",C
877,"Celice, Pierre",C
2731,"Celmins, Vija",C
878,César,C
879,"Cézanne, Paul",C
2253,"Chadwick, Helen",C
880,"Chadwick, Lynn",C
881,"Chagall, Marc",C
882,"Chaimowicz, Marc Camille",C
883,"Challenger, Michael",C
88,"Chalon, Henry Bernard",C
884,"Chamberlain, Christopher",C
885,"Chamberlain, John",C
89,"Chambers, George",C
16108,"Chanarin, Oliver",C
2340,"Chandler, J.W.",C
886,"Chandra, Avinash",C
887,"Chaney, Israel",C
11556,"Channer, Alice",C
90,"Chantrey, Sir Francis Legatt",C
888,"Chaplin, Bob",C
4335,"Chapman, Dinos",C
2614,"Chapman, Jake",C
889,"Chappell, William",C
890,"Charbonneau, Monique",C
91,"Charles, James",C
891,"Charlton, Alan",C
2390,"Charlton, Evan",C
892,"Charlton, George",C
893,"Charnay, Armand",C
894,"Charoux, Siegfried",C
2346,"Chase, William",C
2222,"Chatelain, Jean Baptiste Claude",C
11461,"Chaves, Raimond",C
895,"Cheese, Bernard",C
896,"Cheese, Chloe",C
7298,"Chen, Zhen",C
15351,"Chernysheva, Olga",C
94,"Chéron, Louis",C
897,"Cheston, Charles",C
898,"Cheston, Evelyn",C
12108,"Chetwynd, Spartacus",C
899,"Chia, Sandro",C
900,"Chighine, Alfredo",C
901,"Chillida, Eduardo",C
2743,Chinese School 18th century,C
92,"Chinnery, George",C
3151,"Chodzko, Adam",C
14735,"Choucair, Saloua Raouda",C
903,"Chowne, Gerard",C
904,"Christie, John",C
905,Christo,C
907,"Churchill, Sir Winston",C
93,"Churchyard, Thomas",C
908,"Ciardi, Emma",C
12556,"Cidade, Marcelo",C
3086,"Cinicolo, Donato",C
2485,"Cipriani, Giovanni Battista",C
4599,"City Racing (Matt Hale; Paul Noble, born 1963; John Burgess; Keith Coventry, born 1958; Peter Owen)",C
909,"Ciuha, Joze",C
95,"Clark, Joseph",C
910,"Clark, Judy",C
7714,"Clark, Lygia",C
914,"Clarke Hall, Lady Edna",C
911,"Clarke, Brian",C
912,"Clarke, Geoffrey",C
913,"Clarke, Graham",C
915,"Clatworthy, Robert",C
96,"Clausen, Sir George",C
916,"Clavé, Antoni",C
9805,"Claydon, Steven",C
10518,"Cleijne, Edgar",C
917,"Clemente, Francesco",C
918,"Clemente, Jack",C
2230,"Clennell, Luke",C
2261,"Cleyn, Francis",C
97,"Clint, Alfred",C
98,"Clint, George",C
919,"Clinton, Margery",C
920,"Close, Chuck",C
8659,"Closterman, John",C
921,"Clough, Prunella",C
15549,"Cluett, Shelagh",C
922,"Coates, George",C
923,"Cockram, George",C
924,"Cohen, Bernard",C
925,"Cohen, Harold",C
16113,"Cohen, Lynne",C
926,"Coker, Peter",C
927,"Coldstream, Sir William",C
2688,"Coldwell, Paul",C
99,"Cole, George Vicat",C
2629,"Cole, T",C
2375,"Coleman, James",C
928,"Colescott, Warrington",C
929,"Colla, Ettore",C
16339,"Collein, Edmund",C
2418,"Collet, John",C
12039,"Collier, Anne",C
100,"Collier, Edward",C
101,"Collier, The Hon. John",C
102,"Collier, Thomas",C
2486,"Collings, Samuel",C
930,"Collins, Cecil",C
103,"Collins, Charles",C
104,"Collins, Charles Allston",C
2405,"Collins, Elisabeth",C
2363,"Collins, Hannah",C
5468,"Collins, Phil",C
105,"Collins, William",C
2214,"Collinson, James",C
2588,"Collishaw, Mat",C
106,"Colman, Samuel",C
16205,"Colone, Adam de",C
931,"Colquhoun, Ithell",C
932,"Colquhoun, Robert",C
933,"Colton, William Robert",C
2270,"Colverson, Ian",C
13197,"Colvin, Calum",C
934,"Conder, Charles",C
935,"Connard, Philip",C
936,"Consagra, Pietro",C
16340,"Consemüller, Erich",C
107,"Constable, George",C
108,"Constable, John",C
109,"Constable, Lionel Bicknell",C
937,Constant,C
938,"Cook, Barrie",C
9357,"Cook, Richard",C
2487,"Cook, William, of Plymouth",C
110,"Cooke, Edward William",C
2603,"Cooke, Jean",C
6788,"Cooke, Nigel",C
111,"Cooper, Abraham",C
939,"Cooper, Austin",C
2563,"Cooper, George",C
940,"Cooper, Gerald",C
2419,"Cooper, Richard, Junior",C
3807,"Cooper, Samuel",C
4744,"Cooper, Thomas Joshua",C
112,"Cooper, Thomas Sidney",C
2353,"Coplans, John",C
113,"Copley, John Singleton",C
941,"Copley, William N.",C
15617,"Coppola, Horacio",C
114,"Corbet, Matthew Ridley",C
2488,"Corbould, Richard",C
2392,"Cordell, Magda",C
942,"Cordery, Don",C
943,"Corinth, Lovis",C
944,"Corker, Douglas",C
945,"Corneille, Guillaume",C
946,"Cornell, Joseph",C
2315,"Cosway, Richard",C
115,"Cotes, Francis",C
2710,"Cotman, John Joseph",C
116,"Cotman, John Sell",C
2489,"Cotman, Miles Edmund",C
947,"Cottingham, Robert",C
948,"Couderc, Gabriel",C
6245,"Coventry, Keith",C
949,"Cowie, James",C
950,"Cowper, Frank Cadogan",C
117,"Cox, David",C
951,"Cox, Stephen",C
952,"Coxon, Raymond",C
118,"Cozens, Alexander",C
119,"Cozens, John Robert",C
2291,"Cradock, Marmaduke",C
953,"Cragg, Tony",C
954,"Craig, Frank",C
955,"Craig-Martin, Michael",C
120,"Cranch, John",C
121,"Crane, Walter",C
956,"Crawford, Susan",C
957,"Crawhall, Joseph",C
958,"Craxton, John",C
959,"Cree, Janet",C
2760,"Creed, Martin",C
2262,"Creffield, Dennis",C
122,"Creswick, Thomas",C
960,"Crippa, Roberto",C
11952,"Crisp, Fiona",C
123,"Cristall, Joshua",C
961,"Critchlow, Keith",C
126,"Crome, John",C
125,"Crome, John Berney",C
2357,"Cross, Dorothy",C
2490,"Crotch, Dr William",C
962,"Crotti, Jean",C
2420,"Crowe, Eyre",C
17450,"Crozier, William",C
127,"Cruikshank, George",C
963,"Crutchfield, William",C
964,"Cruz-Diez, Carlos",C
13142,"Cruzvillegas, Abraham",C
2215,"Cucchi, Enzo",C
11699,"Cuevas, Minerva",C
2421,"Cuitt, George, Junior",C
965,"Cuixart, Modestos",C
12042,"Cullen, Martin",C
128,"Cumberland, George",C
966,"Cundall, Charles",C
967,"Cundell, Nora L.M.",C
8786,"Cunha, Alexandre da",C
11820,"Curlet, François",C
968,"Currie, John S.",C
7462,"Currie, Ken",C
2694,"Currin, John",C
2736,"Curtis, Layla",C
969,"Cutts, Simon",C
14581,"Cytter, Keren",C
2636,"Dacre, Lady",D
14983,Dadamaino,D
129,"Dadd, Frank",D
130,"Dadd, Richard",D
970,"Daglish, Peter",D
2292,"Dahl, Michael",D
971,"Dalí, Salvador",D
131,"Dall, Nicholas Thomas",D
973,"Dalou, Jules",D
2422,"Dalton, Richard",D
4611,"Dalwood, Dexter",D
974,"Dalwood, Hubert",D
133,"Dalziel, Edward",D
132,"Dalziel, Edward Gurden",D
134,"Dalziel, Thomas",D
2553,"Damer, Anne Seymour",D
135,"Danby, Francis",D
2423,"Dance, George",D
136,"Dance-Holland, Sir Nathaniel",D
137,"Daniell, Thomas",D
138,"Daniell, William",D
975,"Daniels, Harvey",D
7349,"Daniëls, René",D
12114,"Dant, Adam",D
976,"Darboven, Hanne",D
2241,"D'Arcangelo, Allan",D
2267,"Davenport, Ian",D
2295,"Davey, Grenville",D
14881,"Davey, Moyra",D
978,"David, Allen",D
8314,"David, Enrico",D
13353,"Davidson, Bruce",D
979,"Davie, Alan",D
980,"Davies, John",D
2667,"Davies, Peter",D
2491,"Davis, Edward Thompson, of Worcester",D
981,"Davis, Gene",D
139,"Davis, Henry William Banks",D
140,"Davis, John Scarlett",D
2285,"Davis, Lady",D
982,"Davis, Ron",D
2381,"Davis, Stuart",D
141,"Davis, William",D
983,"Davison, Francis",D
142,"Dawe, George",D
984,"Daws, Lawrence",D
143,"Dayes, Edward",D
734,"De Belleroche, Count Albert",D
902,"De Chirico, Giorgio",D
985,"De Francia, Peter",D
2192,"De Glehn, Wilfred Gabriel",D
1219,"De Grey, Sir Roger",D
1385,"De Karlowska, Stanislawa",D
145,"De Loutherbourg, Philip James",D
1556,"De Maistre, Roy",D
2354,"De Monchaux, Cathy",D
1850,"De Rivera, José",D
148,"De Wint, Peter",D
2492,"Deacon, James",D
986,"Deacon, Richard",D
987,"Dean, Catherine",D
2675,"Dean, Tacita",D
2282,"Deeble, W.",D
988,"Degas, Edgar",D
989,"Dehn, Adolf",D
990,"Dekkers, Ad",D
14771,"Delahaye, Luc",D
144,"Delamotte, William Alfred",D
991,"DeLap, Tony",D
992,"Delaunay, Robert",D
993,"Delaunay, Sonia",D
3034,"Deller, Jeremy",D
994,"Delvaux, Paul",D
2641,"Demand, Thomas",D
995,"Demnig, Gunter",D
2493,"Denham, John Charles",D
5669,"Deni, Viktor",D
2598,"Denis, Dominic",D
2647,"Denner, Balthasar",D
2294,"Dennis, Jeffrey",D
997,"Denny, Robyn",D
2242,"Dentith, Henry",D
998,"Derain, André",D
146,"Des Granges, David",D
999,"Desnoyer, François",D
1000,"Despiau, Charles",D
1001,"Devas, Anthony",D
147,"Deverell, Walter Howell",D
2223,"Devis, Anthony",D
2799,"Devis, Arthur",D
2542,"Devoto, John",D
6327,"di Suvero, Mark",d
6218,"Diaz Morales, Sebastian",D
1002,"Dibbets, Jan",D
1003,"Dick, Sir William Reid",D
2645,"Dickenson, Mark",D
149,"Dicksee, Sir Frank",D
1004,"Diebenkorn, Richard",D
12631,"Dietman, Erik",D
150,"Dighton, William Edward",D
2666,"Dijkstra, Rineke",D
1005,"Dillon, Michael",D
1006,"Dilworth, Norman",D
1007,"Dimitrienko, Pierre",D
1008,"Dimitrijevic, Braco",D
1009,"Dine, Jim",D
1010,"Dinkel, Ernest M.",D
2789,"Dion, Mark",D
1011,"Disler, Martin",D
1012,"Dismorr, Jessica",D
6758,"Dittborn, Eugenio",D
1013,"Dixon, Harry",D
151,"Dixon, William",D
1014,"Dobson, Frank",D
153,"Dobson, William",D
152,"Dobson, William Charles Thomas",D
1015,"Dodd, Francis",D
1016,"Dodgson, John",D
1017,"Doesburg, Theo van",D
2732,"Doherty, Willie",D
2361,"Doig, Peter",D
1018,"Domjan, Joseph",D
1019,"Donagh, Rita",D
154,"Donaldson, Andrew Brown",D
1020,"Donaldson, Antony",D
8143,"Donnelly, Trisha",D
1021,"Dorazio, Piero",D
1022,"Dörflinger, Johannes",D
2589,"Doron, Itai",D
2208,"D'Orsay, Count Alfred",D
1023,"Dotremont, Christian",D
1024,"Dottori, Gerardo",D
1025,"Doubleday, John",D
155,"Doughty, William",D
156,"Douglas, Edwin",D
157,"Douglas, Sir William Fettes",D
3038,"Douglas, Stan",D
1026,"Dova, Gianni",D
158,"Downard, Ebenezer Newman",D
13086,"Downey, Juan",D
159,"Downman, John",D
1027,"Downsbrough, Peter",D
2350,"Downton, John",D
1028,"Doyle, John",D
160,"Doyle, John",D
2424,"Doyle, Richard",D
1029,"Draper, Herbert",D
161,"Dressler, Conrad",D
1030,"Drever, Timothy",D
17320,"Drew, Leonardo",D
1031,"Droungas, Achilles",D
8089,"Drtikol, Franti?ek",D
1032,"Drummond, Malcolm",D
163,"Drury, Alfred",D
1033,"Drysdale, Russell",D
2679,"Du Bois, Simon",D
1034,"Dubsky, Mario",D
1035,"Dubuffet, Jean",D
1036,"Duchamp, Marcel",D
1037,"Duchamp-Villon, Raymond",D
1045,"Dufresne, Charles",D
1038,"Dufy, Raoul",D
1039,"Dugdale, Thomas",D
1040,"Dugger, John",D
12074,"Dughet, Gaspard",D
2407,"Dumas, Marlene",D
1041,"Dunbar, Evelyn",D
2284,"Duncombe, Susanna",D
2279,"Dunham, Carroll",D
2619,"Dunker, Balthazar Anton",D
1042,"Dunlop, Ronald Ossory",D
1043,"Dunoyer de Segonzac, André",D
1044,"Dunstan, Bernard",D
162,"Dupont, Gainsborough",D
9914,"Durant, Sam",D
11953,"Durham, Jimmie",D
1046,"Durrant, Jennifer",D
1047,"Durst, Alan L.",D
164,"Dyce, William",D
6860,"Dzama, Marcel",D
1048,"Dzamonja, Dusan",D
1049,"Eardley, Joan",E
16658,"Earnshaw, Anthony",E
165,"East, Sir Alfred",E
166,"Eastlake, Sir Charles Lock",E
3096,"Edmier, Keith",E
167,"Edridge, Henry",E
168,"Edwards, Edwin",E
1050,"Edwards, Jeffery",E
2252,"Edwards, Sylvia",E
169,"Egg, Augustus Leopold",E
170,"Egley, William Maw",E
1051,"Ehrlich, Georg",E
5239,"Eliasson, Olafur",E
10751,"Elkoussy, Hala",E
1053,"Elliott, Geoffrey",E
171,"Elmore, Alfred",E
16988,"El-Salahi, Ibrahim",E
8145,"Eluard, Nusch",E
8147,"Eluard, Paul",E
1054,"Elwell, Frederick W.",E
1055,"Elwyn, John",E
1056,"Emanuel, Frank L.",E
1057,"Emett, Rowland",E
1058,"Emilian, Céline",E
2590,"Emin, Tracey",E
14475,"Eneroth, Joakim",E
1059,"Engelbach, Florence",E
12112,"English, Simon",E
1060,"Ensor, James",E
13597,"Epstein, Mitch",E
1061,"Epstein, Sir Jacob",E
1062,"Erlanger, Rodolphe d'",E
1063,"Erma, Thomas",E
1064,"Ernest, John",E
1065,"Ernst, Max",E
15851,"Errazuriz, Paz",E
1066,Erté,E
12043,"Erwitt, Elliot",E
13676,"Eskandarfar, Samira",E
4831,"Espaliú, Pepe",E
14308,"Espinoza, Eugenio",E
3028,"Essenhigh, Inka",E
2628,"Essex, Lord",E
1067,"Estes, Richard",E
1068,"Estève, Maurice",E
1069,"Etchells, Frederick",E
7080,"Ethridge, Roe",E
1070,"Etrog, Sorel",E
172,"Etty, William",E
1071,"Eurich, Richard",E
1072,"Evans, Garth",E
3246,"Evans, Jason",E
1073,"Evans, Merlyn Oliver",E
2224,"Evans, Sebastian",E
1074,"Eves, Reginald G",E
12939,"Ewan, Ruth",E
173,"Eworth, Hans",E
6411,"EXPORT, VALIE",E
1075,"Eyton, Anthony",E
1076,"Fabro, Luciano",F
174,"Faed, Thomas",F
175,"Fagan, Robert",F
4773,"Fahlström, Öyvind",F
2591,"Fairhurst, Angus",F
1077,"Fairweather, Ian",F
1078,"Falkenstein, Claire",F
1079,"Fantin-Latour, Henri",F
176,"Farington, Joseph",F
10350,"Farmer, Geoffrey",F
177,"Farquharson, David",F
178,"Farquharson, Joseph",F
1080,"Farreras, Francisco",F
10200,"Fast, Omer",F
1081,"Fautrier, Jean",F
1082,"Fazzini, Pericle",F
1083,"Fearon, Hilda",F
1084,"Fedden, Mary",F
2677,"Federle, Helmut",F
1085,"Fehr, Henry C",F
1086,"Feibusch, Hans",F
13198,"Feiler, Jo",F
1087,"Feiler, Paul",F
12632,"Feldmann, Hans-Peter",F
1088,"Fell, Sheila",F
179,"Ferguson, William Gow",F
1089,"Fergusson, J.D.",F
180,"Ferneley, John, I",F
181,"Ferneley, John, II",F
10613,"Ferrari, León",F
2310,"Ferrers, Benjamin",F
6842,"Ferris, Dee",F
1090,"Few, Elsie",F
182,"Fielding, Anthony Vandyke Copley",F
2607,"Fielding, Brian",F
1091,"Fijalkowski, Stanislaw",F
183,"Fildes, Sir Luke",F
2425,"Finch, Francis Oliver",F
2255,"Finden, William",F
1092,"Fine, Lois",F
5287,"Fini, Leonor",F
4817,"Finn, Michael",F
1094,"Finnie, John",F
4745,"Finn-Kelcey, Rose",F
2757,"Fischli, Peter",F
1095,"Fisher, Brian",F
1096,"Fisher, Joel",F
184,"Fisher, Mark",F
1097,"Fisher, Melton",F
1098,"Fisher, Roy",F
1099,"Fitton, James",F
185,"Fitzgerald, John Anster",F
1100,"Flanagan, Barry",F
1101,"Flavin, Dan",F
186,"Flaxman, John",F
11826,"Fleury, Lili",F
187,"Florence, Mary Sargant",F
2761,"Floyer, Ceal",F
188,"Foley, John Henry",F
1102,"Fontana, Lucio",F
1103,"Forain, Jean-Louis",F
189,"Forbes, Elizabeth",F
190,"Forbes, Stanhope Alexander",F
1104,"Forbes, Vivian",F
1105,"Forbes-Robertson, Eric",F
191,"Ford, Edward Onslow",F
2733,"Ford, Laura",F
1106,"Ford, Mary",F
2260,"Förg, Günther",F
1107,"Forge, Andrew",F
10692,"Forsyth, Iain",F
11360,"Fosso, Samuel",F
192,"Foster, Myles Birket",F
2495,"Foster, William",F
2772,"Fougeron, André",F
9061,"Fowler, Luke",F
1108,"Fox Pitt, Douglas",F
3889,"Foxton, Simon",F
1109,"Fraenkel, Elsa",F
1110,"Frampton, Edward Reginald",F
1112,"Frampton, Meredith",F
1111,"Frampton, Sir George",F
2565,"Francia, François Louis Thomas",F
2311,"Francis, Mark",F
1113,"Francis, Sam",F
5275,"Frank, Robert",F
1114,"Frankenthaler, Helen",F
193,"Fraser, Alexander",F
9439,"Fraser, Andrea",F
1115,"Fraser, Claud Lovat",F
1116,"Freedman, Barnett",F
2712,"Freedman, Carl",F
1117,"Freiles, Antonio",F
1118,"Frélaut, Jean",F
2330,French School 18th century,F
2744,French School 19th century,F
1119,"Frenkel, Vera",F
1120,"Freud, Lucian",F
1121,"Friedenson, Arthur",F
5293,"Friedlander, Lee",F
1122,"Friend, Ian",F
1123,"Friesz, Othon",F
1124,"Frink, Dame Elisabeth",F
2426,"Fripp, Alfred Downing",F
2427,"Fripp, George Arthur",F
194,"Frith, William Powell",F
2388,"Frize, Bernard",F
1125,"Frohner, Adolf",F
1126,"Frost, Sir Terry",F
195,"Frost, William Edward",F
1127,"Froy, Martin",F
1128,"Fry, Anthony",F
1129,"Fry, Roger",F
2265,"Frye, Thomas",F
1130,"Fuchs, Emil",F
17414,"Fukushima, Hideko",F
1131,"Fullard, George",F
196,"Fuller, Isaac",F
1132,"Fuller, Sue",F
197,"Fulleylove, John",F
1133,"Fulton, Hamish",F
13623,"Furlong, William",F
1134,"Furse, Charles Wellington",F
198,"Fuseli, Henry",F
1135,"Fussell, Michael",F
1136,"Fyzee-Rahamin, Samuel",F
8313,"Gaba, Meschac",G
2790,"Gabie, Neville",G
1137,"Gabo, Naum",G
199,"Gainsborough, Thomas",G
200,"Gale, William",G
2658,"Gallaccio, Anya",G
9553,"Gallagher, Ellen",G
16522,"Gallizio, Pinot",G
11460,"Gamarra, Sandra",G
9102,"Gander, Ryan",G
6876,"Garaicoa, Carlos",G
1139,"Garbe, Richard",G
10370,"Garcia Torres, Mario",G
1140,"Gardiner, Clive",G
201,"Gardner, Daniel",G
1141,"Garet, Jedd",G
202,"Garrard, George",G
203,"Garstin, Norman",G
1142,"Gascoyne, David",G
2696,"Gaskell, Anna",G
204,"Gastineau, Henry",G
1143,"Gaudier-Brzeska, Henri",G
1144,"Gauguin, Paul",G
1145,"Gauld, Peter",G
1146,"Gear, William",G
205,"Geddes, Andrew",G
1147,"Geden, Dennis",G
11852,Gego (Gertrud Goldschmidt),G
2428,"Geikie, Walter",G
2352,"Gennari, Benedetto",G
2552,"Gent, G.W.",G
1148,"Gentleman, David",G
1149,"Gentleman, Tom",G
10435,"Genzken, Isa",G
1150,"Geoffrey, Iqbal",G
1151,"George, Patrick",G
1152,"George, Thomas",G
6642,"Gerasimovich, Josif",G
1153,"Gere, Charles M.",G
1154,"Gere, Margaret",G
1155,"Gerrard, A.H.",G
2290,"Gerrard, Kathleen",G
4643,"Gersht, Ori",G
2781,"Gershuni, Moshe",G
1156,"Gertler, Mark",G
1157,"Gethin, Percy Francis",G
206,"Gheeraerts, Marcus, II",G
1158,"Ghika, Nicolas",G
1159,"Giacometti, Alberto",G
1160,"Giardelli, Arthur",G
1161,"Gibb, Phelan",G
2218,"Gibbons, John",G
1162,"Gibbs, Evelyn",G
2737,"Gibbs, Ewan",G
2329,"Gibbs, Henry",G
207,"Gibson, John",G
13199,"Gidal, Tim",G
1163,Gilbert & George,G
1164,"Gilbert, Charles Web",G
208,"Gilbert, Sir Alfred",G
209,"Gilbert, Sir John",G
1165,"Gilbert, Stephen",G
1166,"Gilioli, Emile",G
210,"Gill, Charles",G
1167,"Gill, Colin",G
1168,"Gill, Eric",G
1169,"Gill, Macdonald",G
9404,"Gill, Simryn",G
1170,"Gilliam, Sam",G
2592,"Gillick, Liam",G
1171,"Gillies, Sir William",G
2739,"Gillray, James",G
1172,"Gilman, Harold",G
2496,"Gilpin, Rev. William",G
2578,"Gilpin, Sawrey",G
1173,"Ginesi, Edna",G
1174,"Ginger, Phyllis",G
1175,"Ginner, Charles",G
1176,"Giobbi, Edward",G
211,"Girtin, Thomas",G
1177,"Gleichen, Feodora",G
1178,"Gleizes, Albert",G
1179,"Glendening, Alfred",G
1180,"Glendenning, Ronald",G
6651,"Glik, M.",G
212,"Glover, John",G
2309,"Gober, Robert",G
1181,"Goeneutte, Norbert",G
15613,"Goeritz, Mathias",G
1182,"Gogh, Vincent van",G
6558,"Goldblatt, David",G
1183,"Golden, Grace",G
2649,"Goldin, Nan",G
1184,"Golding, John",G
1185,"Goldschmidt, Hilde",G
13568,"Goldstein, Jack",G
7274,"Goldsworthy, Andy",G
2207,"Golub, Leon",G
11698,"Gomes, Fernanda",G
1186,"Goncharova, Natalya",G
11980,"Gonzalez, Beatriz",G
1187,"González, Joan",G
1188,"González, Julio",G
10354,"Gonzalez-Foerster, Dominique",G
11937,"Gonzalez-Torres, Felix",G
213,"Good, Thomas Sword",G
2429,"Goodall, Edward Angelo",G
214,"Goodall, Frederick",G
215,"Goodwin, Albert",G
10750,"Goodwin, Dryden",G
1189,"Gordine, Dora",G
2579,"Gordon, Julia Emily",G
2577,"Gordon, Lady",G
2617,"Gordon, Professor Douglas",G
2637,"Gordon, Sir Harry Percy, 2nd Bt",G
216,"Gordon, Sir John Watson",G
2497,"Gore, Charles",G
1190,"Gore, Spencer",G
1191,"Gorky, Arshile",G
1192,"Gormley, Antony",G
1193,"Gosse, Sylvia",G
217,"Gotch, Thomas Cooper",G
1194,"Gotlib, Henryk",G
1195,"Gottlieb, Adolph",G
2203,"Götz, Professor Karl-Otto",G
1196,"Gouk, Alan",G
218,"Gow, Andrew Carrick",G
219,"Gow, Mary",G
220,"Gower, George",G
1197,"Gowing, Sir Lawrence",G
1198,"Graeser, Camille",G
1199,"Graevenitz, Gerhard von",G
1200,"Graham, Dan",G
2337,"Graham, Paul",G
221,"Graham, Peter",G
7810,"Graham, Rodney",G
1201,"Grand, Roger",G
1202,"Grant, Alistair",G
1203,"Grant, Duncan",G
2281,"Grant, Sir Francis",G
8175,"Grassie, Andrew",G
1204,"Grau, Enrique",G
2498,"Gravelot, Hubert François",G
1205,"Graveney, William",G
1206,"Graves, Morris",G
1207,"Gray, Douglas S.",G
1208,"Gray, Ronald",G
1209,"Grayson, Roy",G
1210,"Greaves, Derrick",G
222,"Greaves, Walter",G
1211,"Greco, Emilio",G
1212,"Green, Alan",G
1213,"Green, Anthony",G
12913,"Green, Jesse",G
4531,"Green, William",G
1214,"Greene, Stephen",G
1215,"Greenfield, Graham",G
1216,"Greenham, Peter",G
2690,"Greenhill, John",G
1217,"Greenwood, Philip",G
223,"Gregory, Edward John",G
1218,"Greiffenhagen, Maurice",G
2630,"Greville, Lady Louisa",G
224,"Griffier, Jan, I",G
13287,"Griffiths, Brian",G
225,"Griffiths, John",G
8155,"Grigely, Joseph",G
226,"Grimm, Samuel Hieronymous",G
9716,"Grimonprez, Johan",G
227,"Grimshaw, Atkinson",G
1220,"Grimshaw, Trevor",G
8373,"Grippo, Victor",G
1221,"Gris, Juan",G
1222,"Gross, Anthony",G
2780,"Gross, Michael",G
1223,"Grosz, George",G
1224,"Groth, Jan",G
16674,"Grotjahn, Mark",G
1225,"Gruber, Francis",G
13957,"Grubic, Igor",G
2741,"Guerard-Fontallard, Henri",G
6858,Guerrilla Girls,G
1226,"Guevara, Alvaro",G
1227,"Guevara, Meraud",G
1228,"Guillaumin, Armand",G
10171,"Guimarães, Cao",G
1229,"Gulich, John",G
12620,"Gunn, Sir Herbert James",G
2644,"Gunning, Lucy",G
8144,"Guo-Qiang, Cai",G
12171,"Gupta, Subodh",G
1230,"Gurschner, Herbert",G
2349,"Gursky, Andreas",G
14992,"Gusmão, João Maria",G
13899,"Gussin, Graham",G
1231,"Guston, Philip",G
1232,"Gutfreund, Oto",G
1233,"Guthrie, Robin",G
228,"Guthrie, Sir James",G
1234,"Guttuso, Renato",G
1235,"Gwynne-Jones, Allan",G
2499,"Gyles, Henry",G
2217,"Haacke, Hans",H
229,"Hacker, Arthur",H
2500,"Hackert, Jacob Philippe",H
230,"Haden, Sir Francis Seymour",H
15958,"Haerizadeh, Rokni",H
1237,"Haese, Günther",H
231,"Haghe, Louis",H
1238,"Haile, Sam",H
2231,"Hakewill, James",H
3200,"Hale, Matt",H
1239,"Hall, David",H
232,"Hall, Harry",H
1240,"Hall, Nigel",H
1241,"Hall, Oliver",H
2777,"Halley, Peter",H
2342,"Halliday, Edward",H
233,"Halswelle, Keeley",H
8795,"Hamada, Shoji",H
1242,"Hambling, Maggi",H
18244,"Hamdan, Lawrence Abu",H
1093,"Hamilton Finlay, Ian",H
2404,"Hamilton, Ann",H
4789,"Hamilton, Anthea",H
1243,"Hamilton, Cuthbert",H
234,"Hamilton, Gavin",H
2686,"Hamilton, Gawen",H
235,"Hamilton, James",H
1244,"Hamilton, Richard",H
2580,"Hamilton, William",H
1245,"Hammershoi, Vilhelm",H
6085,"Hammons, David",H
236,"Hancock, Charles",H
237,"Hand, Thomas",H
2659,"Hapaska, Siobhán",H
1247,"Hardaker, Charles",H
2620,"Hardie, Martin",H
238,"Harding, James Duffield",H
2569,"Harding, The Hon. Charles Stewart, Viscount",H
2501,"Harris, John",H
1248,"Harrison, Margaret",H
7049,"Harrison, Paul",H
239,"Hart, James Turpin",H
240,"Hart, Solomon Alexander",H
2631,"Hartley, Mary, of Bath",H
1250,"Hartrick, Archibald Standish",H
1251,"Hartung, Hans",H
1252,"Hartwell, Charles Leonard",H
1253,"Haseltine, Herbert",H
17194,"Hashmi, Zarina",H
2502,"Hassell, John",H
10761,"Hatakeyama, Naoya",H
241,"Hatherell, William",H
2365,"Hatoum, Mona",H
2503,"Haughton, Matthew",H
2560,"Haughton, Moses, the Elder",H
1254,"Hausmann, Raoul",H
7348,"Havekost, Eberhard",H
242,"Havell, William",H
7134,"Haworth, Jann",H
1255,"Hayden, Henri",H
243,"Haydon, Benjamin Robert",H
244,"Hayes, Edwin",H
2369,"Hayls, John",H
245,"Hayman, Francis",H
1256,"Hayman, Patrick",H
246,"Haynes-Williams, John",H
5466,"Hays, Dan",H
2505,"Hayter, John",H
2504,"Hayter, Sir George",H
1257,"Hayter, Stanley William",H
1258,"Hayward, Alfred Robert",H
1259,"Head, Tim",H
2430,"Heaphy, Thomas",H
247,"Hearne, Thomas",H
1260,"Heath, Adrian",H
2507,"Heath, Henry",H
1261,"Hegedusic, Krsto",H
1262,"Heiliger, Bernhard",H
7275,"Hein, Jeppe",H
2653,"Heindorff, Michael",H
14527,"Heinzmann, Thilo",H
6341,"Heizer, Michael",H
6343,"Held, Al",H
1264,"Hélion, Jean",H
1265,"Helleu, Paul",H
1266,"Helman, Robert",H
248,"Hemy, Charles Napier",H
249,"Henderson, Charles Cooper",H
1267,"Henderson, Elsie Marian",H
2508,"Henderson, John",H
1268,"Henderson, Nigel",H
1269,"Henderson, William",H
1270,"Henderson-Begg, Liselott",H
14929,"Hendricks, Barkley",H
1271,"Hennell, Thomas",H
1272,"Henri, Robert",H
11037,"Henry, Paul",H
1273,"Hepher, David",H
1274,"Hepworth, Dame Barbara",H
250,"Herbert, J.G.S.",H
251,"Herbert, John Rogers",H
1275,"Herbin, Auguste",H
2593,"Herman, Andrew",H
1276,"Herman, Josef",H
1277,"Hermes, Gertrude",H
10094,"Hernandez, Anthony",H
7310,"Herold, Georg",H
1278,"Heron, Patrick",H
6003,"Herrera, Arturo",H
9101,"Herrera, Carmen",H
1279,"Herring, Ed",H
252,"Herring, John Frederick",H
253,"Herring, John Frederick, Junior",H
13108,"Hershman, Lynn",H
12045,"Hervé, Lucien",H
3819,"Herwijck, Stephen",H
1280,"Hesse, Eva",H
1281,"Heyboer, Anton",H
254,"Hickey, Thomas",H
255,"Hicks, George Elgar",H
1282,"Hicks, Philip",H
1283,"Hide, Peter",H
2762,"Higgs, Matthew",H
2259,Highmore,H
256,"Highmore, Joseph",H
257,"Hilditch, Richard H.",H
1284,"Hill, Anthony",H
1285,"Hill, Derek",H
2376,"Hill, Gary",H
258,"Hill, John",H
1286,"Hiller, Susan",H
1287,"Hilliard, John",H
259,"Hilliard, Nicholas",H
1288,"Hillier, Tristram",H
260,"Hills, Robert",H
1289,"Hilton, Roger",H
261,"Hilton, William, the Younger",H
2356,"Himid, Lubaina",H
9519,"Hincks, Gary",H
9074,"Hine, Lewis",H
7255,"Hiorns, Roger",H
15975,"Hirata, Minoru",H
6254,"Hirschhorn, Thomas",H
2308,"Hirst, Damien",H
1290,"Hirst, Derek",H
1291,"Hitchens, Ivon",H
12497,"Hlobo, Nicholas",H
2559,"Hoare, Prince",H
2509,"Hoare, Sir Richard Colt",H
262,"Hoare, William",H
1292,"Hobbs, Peter",H
1293,"Hockney, David",H
7335,"Hodges, Jim",H
263,"Hodges, William",H
1294,"Hodgkin, Eliot",H
1295,"Hodgkin, Howard",H
1296,"Hodgkins, Frances",H
5119,"Höfer, Candida",H
264,"Hofland, Thomas Christopher",H
1297,"Hoflehner, Rudolf",H
1298,"Hofmann, Hans",H
1299,"Hogarth, Paul",H
265,"Hogarth, William",H
1300,"Hokanson, Lars",H
266,"Holbein, Hans, the Younger",H
1301,"Holden, Cliff",H
3178,"Holdsworth, Dan",H
267,"Holl, Frank",H
1302,"Holland, Harry",H
268,"Holland, James",H
6253,"Höller, Carsten",H
269,"Holloway, Charles Edward",H
1303,"Hollweg, Alexander",H
270,"Holman, Francis",H
1304,"Holmes, Sir Charles John",H
271,"Holmes, Sir Richard Rivington",H
1305,"Holroyd, Sir Charles",H
572,"Holst, Theodor von",H
1306,"Holt, Lilian",H
272,"Holworthy, James",H
15525,"Holyhead, Robert",H
1307,"Holzer, Jenny",H
1308,"Hone, Evie",H
273,"Hone, Nathaniel",H
274,"Hone, Nathaniel",H
2510,"Hook, Dr Richard",H
275,"Hook, James Clarke",H
276,"Hoppner, John",H
12116,"Hopton, Georgie",H
2193,"Hopwood, Henry Silkstone",H
17201,"Hore, Somnath",H
14423,"Hori, Fusao",H
2269,"Horn, Rebecca",H
2402,"Horn, Roni",H
1309,"Hornel, Edward Atkinson",H
2318,"Horsfield, Craigie",H
277,"Horsley, John Callcott",H
1310,"Horton, Percy",H
1311,"Hoskin, John",H
278,"Houghton, Arthur Boyd",H
1312,"House, Gordon",H
1314,"Houshiary, Shirazeh",H
1313,"Housman, Laurence",H
1315,"Houthuesen, Albert",H
1316,"How, Beatrice",H
279,"Howard, Henry",H
1317,"Howell, Peter",H
280,"Howitt, Samuel",H
2204,"Howson, Peter",H
1318,"Hoyland, John",H
1319,"Hubbard, John",H
2303,"Hubert, Edgar",H
3111,"Hudson, Anna Hope",H
281,"Hudson, Thomas",H
1320,"Huebler, Douglas",H
13334,"Huerta, Enrique",H
282,"Huggins, William",H
283,"Hughes, Arthur",H
1321,"Hughes, Malcolm",H
1322,"Hughes, Patrick",H
1323,"Hughes-Stanton, Blair",H
1324,"Hughes-Stanton, Sir Herbert",H
8146,"Hugo, Valentine",H
2605,"Hugonin, James",H
2391,"Hulbert, Thelma",H
14367,"Hulusi, Mustafa",H
2403,"Hume, Gary",H
284,"Humphry, Ozias",H
13685,"Huner, Emre",H
285,"Hunt, Alfred William",H
3284,"Hunt, Kay",H
1325,"Hunt, Walter",H
286,"Hunt, William Henry",H
287,"Hunt, William Holman",H
288,"Hunter, Colin",H
1327,"Hunter, Leslie",H
289,"Hurlstone, Frederick Yeates",H
1328,"Hurry, Leslie",H
290,"Huskisson, Robert",H
2431,"Hussey, Giles",H
1329,"Hutchinson, Louise",H
1330,"Hutton, Clarke",H
9638,"Huws, Bethan",H
1331,"Huxley, Paul",H
5463,"Huyghe, Pierre",H
291,"Huysmans, Jacob",H
292,"Ibbetson, Julius Caesar",I
8673,"Iglesias, Cristina",I
1332,"Illes, Arpad",I
1333,"Immendorff, Jörg",I
1334,"Ince, Evelyn",I
2432,"Ince, Joseph Murray",I
293,"Inchbold, John William",I
2382,"Indiana, Robert",I
1335,"Inlander, Henry",I
2379,"Innes, Callum",I
1336,"Innes, James Dickson",I
1337,"Inshaw, David",I
1338,International Local,I
4561,Inventory,I
1339,"Ipoustéguy, Jean",I
1340,"Ireland, Geoffrey",I
1341,"Ironside, Robin",I
1342,"Irvin, Albert",I
10747,"Irvine, Jaki",I
1343,"Irwin, Gwyther",I
10089,"Islam, Runa",I
2345,Italian or German (?) School 17th century,I
5741,"Ivanov, Sergei",I
7504,"Ivekovic, Sanja",I
8378,"Jaar, Alfredo",J
1344,"Jack, Richard",J
1345,"Jacklin, Bill",J
1346,"Jackson, Alexander Young",J
1347,"Jackson, Arthur",J
1348,"Jackson, F. Ernest",J
294,"Jackson, Gilbert",J
295,"Jackson, John",J
11954,"Jackson, Melanie",J
2433,"Jackson, Samuel Phillips",J
1349,"Jacobs, Janice",J
1350,"Jacovleff, Alexandre",J
1351,"Jagger, Charles Sargeant",J
1352,"James, A. Gosset",J
1353,"Jamieson, Alexander",J
14955,"Janas, Piotr",J
1354,"Janecek, Ota",J
6880,"Jankowski, Christian",J
2235,"Janowich, Ron",J
1355,"Jansen, Angela",J
2286,"Janssen, Horst",J
4779,"Jantjes, Gavin",J
1356,"Japp, Darsie",J
1357,"Jaray, Tess",J
2327,"Jarman, Derek",J
18265,"Jayasankar, KP",J
16444,"Jeanneret, Pierre",J
2434,"Jefferys, James",J
1358,"Jemec, Andrej",J
1359,"Jenkins, Paul",J
2779,"Jenney, Neil",J
1360,"Jennings, Humphrey",J
296,"Jennings, William George",J
2275,"Jensen, Bill",J
10804,"Jensen, Sergej",J
1361,"Jesih, Boris",J
14318,Jess,J
1362,"John, Augustus, OM",J
1363,"John, Gwen",J
3083,"John, Richard Johnny",J
1364,"John, Sir William Goscombe",J
1365,"Johns, Jasper",J
1366,"Johnson, Ben",J
298,"Johnson, Charles Edward",J
297,"Johnson, Cornelius",J
299,"Johnson, James",J
16660,"Johnson, Ray",J
4721,"Johnson, Thomas",J
1367,"Johnstone, William",J
7726,"Jonas, Joan",J
1368,"Jones, Allen",J
1369,"Jones, Barbara",J
1370,"Jones, David",J
1371,"Jones, Fred Cecil",J
2776,"Jones, Gareth",J
300,"Jones, George",J
1372,"Jones, Harold",J
2682,"Jones, Sarah",J
1373,"Jones, Stanley",J
301,"Jones, Thomas",J
2221,"Jones, William",J
11551,"Jones, Zebedee",J
1374,"Jonzen, Karin",J
13897,"Joreige, Lamia",J
1375,"Jorn, Asger",J
1376,"Joseph, Lily D.",J
1377,"Joseph, Peter",J
11821,"Joseph, Pierre",J
302,"Joseph, Samuel",J
10599,"Joy, John",J
10598,"Joy, William",J
12046,"Joyce, Paul",J
1378,"Judd, Donald",J
4019,"Julien, Isaac",J
9484,"Jungen, Brian",J
1379,"Jungman, Nico",J
7637,"Just, Jesper",J
3092,K.O.S.,K
3464,"Kabakov, Emilia",K
1380,"Kadishman, Menashe",K
1381,"Kahn, Erich",K
2621,"Kaisermann, Franz",K
1382,"Kandinsky, Wassily",K
7631,"Kane, Alan",K
1383,"Kanovitz, Howard",K
18243,"Kanwar, Amar",K
1384,"Kapoor, Anish",K
15930,"Karamustafa, Gulsun",K
2734,"Karshan, Linda",K
1386,"Katz, Alex",K
1387,"Kauffman, Craig",K
303,"Kauffmann, Angelica",K
1388,"Kaufmann, Isidor",K
1389,"Kavanagh, John F.",K
12834,"Kawara, On",K
2701,"Kay, Emma",K
16495,"Keen, Jeff",K
304,"Keene, Charles Samuel",K
1390,"Keeping, Charles",K
305,"Keirincx, Alexander",K
6782,"Kelley, Mike",K
1391,"Kelly, Ellsworth",K
1392,"Kelly, Felix",K
1393,"Kelly, Francis",K
1395,"Kelly, Mary",K
1394,"Kelly, Sir Gerald",K
9590,"Kelm, Annette",K
1396,"Kemeny, Zoltan",K
1397,"Kemp-Welch, Lucy",K
10184,"Kennard, Peter",K
1398,"Kennet, Lady",K
1399,"Kennington, Eric",K
306,"Kennington, Thomas Benjamin",K
1400,"Kenny, Michael",K
2680,"Kentridge, William",K
307,"Kerr, Charles Henry Malcolm",K
7945,"Kerrich, Thomas",K
1401,"Kerr-Lawson, James",K
1402,"Kessell, Mary",K
1403,"Kestelman, Morris",K
308,"Kettle, Tilly",K
1404,"Key, Joan",K
2406,"Khakhar, Bhupen",K
14889,"Kher, Bharti",K
6589,"Kiaer, Ian",K
5676,"Kibardin, Georgii",K
1405,"Kidner, Michael",K
1406,"Kiefer, Anselm",K
3068,"Kienholz, Edward",K
1407,"Kiff, Ken",K
2788,"Kilpper, Thomas",K
1408,"Kindersley, David",K
1409,"King, Cecil",K
1410,"King, Jeremy",K
309,"King, John Henry Yeend",K
1411,"King, Phillip",K
1412,"King, Ronald",K
2763,"King, Scott",K
1413,"Kinley, Peter",K
2435,"Kinnard, W.",K
6711,"Kippenberger, Martin",K
1414,"Kirchner, Ernst Ludwig",K
1415,"Kirk, Eve",K
2238,"Kirkeby, Per",K
16033,"Kitadai, Shozo",K
1416,"Kitaj, R.B.",K
1417,"Klee, Paul",K
2210,"Klein, Astrid",K
2764,"Klein, Jochen",K
1418,"Klein, Yves",K
1419,"Kline, Franz",K
1420,"Klinghoffer, Clara",K
689,"Klossowski de Rola, Balthus",K
5677,"Klutsis, Gustav",K
1422,"Kneale, Bryan",K
310,"Kneller, Sir Godfrey",K
311,"Knight, Charles Parsons",K
1424,"Knight, Dame Laura",K
1423,"Knight, Harold",K
313,"Knight, John Baverstock",K
314,"Knight, John Prescott",K
312,"Knight, John William Buxton",K
315,"Knight, Joseph",K
1425,"Knights, Winifred",K
1426,"Knowles, Justin",K
1427,"Koch, Eleanor",K
17121,"Kochergin, Nikolai",K
1428,"Koenig, Ghisha",K
5645,"Kogout, Nikolai",K
10838,"Koh, Terence",K
1429,"Kohn, Misch",K
1430,"Kokoschka, Oskar",K
2209,"Kolár, Jirí",K
12618,"Kolárová, Bela",K
1431,"Kolíbal, Stanislav",K
10345,"Koller, Július",K
15101,"Komatsu, André",K
14424,"Komura, Kiyohiko",K
1432,"Konzal, Joseph",K
10562,"Koo, Jeong-A",K
1433,"Kooning, Willem de",K
2368,"Koons, Jeff",K
1434,"Koppel, Heinz",K
10328,"Kopystiansky, Igor",K
10329,"Kopystiansky, Svetlana",K
1435,"Korner, John",K
11583,"Koshimizu, Susumu",K
1436,"Kossoff, Leon",K
1437,"Kosuth, Joseph",K
1438,"Kounellis, Jannis",K
10668,"Kovanda, Jiri",K
17127,"Kozlinsky, Vladimir",K
1439,"Kramer, Harry",K
1440,"Kramer, Jacob",K
10009,"Krasinski, Edward",K
1441,"Krasner, Lee",K
1442,"Krsinic, Frano",K
1443,"Kruger, Barbara",K
1444,"Krzywoblocki, Wojciech",K
1445,"Kudryashov, Oleg",K
7334,"Kuitca, Guillermo",K
1446,"Kulmer, Ferdinand",K
1447,"Kunkel, Don",K
1448,"Kunst, Mauro",K
2784,"Kuper, Roi",K
1449,"Kupka, Frantisek",K
10169,"Kuri, Gabriel",K
8094,"Kusama, Yayoi",K
1450,"Kushner, Robert",K
10957,KwieKulik,K
1453,"La Dell, Edwin",L
6359,"La Noue, Terence",L
331,"La Thangue, Henry Herbert",L
1451,"Laabs, Hans",L
2622,"Labruzzi, Carlo",L
1452,"Lacey, Bruce",L
13736,"Lacy, Suzanne",L
316,"Ladbrooke, Robert",L
317,"Laidlay, William James",L
1454,"Laing, Gerald",L
2511,"Laing, J.S.",L
2633,Lairesse,L
2639,"Lalic, Maria",L
1455,"Lam, Wifredo",L
1456,"Lamb, Henry",L
1457,"Lamb, Lynton",L
2512,Lambert,L
318,"Lambert, George",L
319,"Lambert, James",L
1458,"Lambert, Maurice",L
4733,"Lambie, Jim",L
1459,"Lambourn, George",L
8787,"Lamelas, David",L
1460,"Lancaster, Mark",L
1461,"Lancaster, Osbert",L
320,"Lancaster, Rev. Richard Hume",L
321,"Lance, George",L
1462,"Lanceley, Colin",L
1463,"Lander, Reginald",L
2665,"Landers, Sean",L
1464,"Landsaat, Hans",L
322,"Landseer, Charles",L
323,"Landseer, Sir Edwin Henry",L
2409,"Landy, Michael",L
2660,"Lane, Abigail",L
324,"Lane, Samuel",L
325,"Lane, Theodore",L
1465,"Lang, Daniel",L
9075,"Lange, Dorothea",L
2599,"Langlands and Bell, Ben and Nikki",L
1466,"Langlois, Denis",L
326,"Lanteri, Edouard",L
1467,"Lanyon, Peter",L
327,"Laporte, George Henry",L
328,"Laporte, John",L
3087,"Large, Valerie",L
1468,"Larionov, Michel",L
329,"Laroon, Marcellus, the Younger",L
11403,"Lartigue, Jacques-Henri",L
1469,"Laszlo de Lombos, Philip Alexius",L
330,"Latham, James",L
1470,"Latham, John",L
1471,"Lattanzi, Luciano",L
2436,"Laurence, Samuel",L
1472,"Laurencin, Marie",L
1473,"Laurens, Henri",L
1474,"Laurie, Robin",L
1475,"Lausen, Jens",L
332,"Lavery, Sir John",L
2623,"Law, Alfred",L
1476,"Law, Bob",L
333,"Lawes-Wittewronge, Sir Charles, Bt",L
8140,"Lawler, Louise",L
1477,"Lawrence, Eileen",L
334,"Lawrence, Sir Thomas",L
335,"Lawson, Cecil",L
16123,"Lawson, Thomas",L
1479,"Le Bas, Edward",L
1480,"Le Brocquy, Louis",L
1481,"Le Brun, Christopher, PRA",L
338,"Le Capelain, Jean",L
1483,Le Corbusier,L
17924,"Le Marchand, David",L
1494,"Le Parc, Julio",L
345,"Le Piper, Francis",L
1495,"Le Sidaner, Henri",L
17197,"Le Sueur, Hubert",L
1503,"Le Witt, Jan",L
1478,"Leach, Bernard",L
7651,"Leach, David",L
8805,"Leach, Janet",L
336,"Leader, Benjamin Williams",L
2642,"Leaman, Jonathan",L
10681,"Leapman, Edwina",L
337,"Lear, Edward",L
5813,"Lebedev, Alexander",L
1482,"Leck, Bart van der",L
6877,"Leckey, Mark",L
1484,"Ledger, Janet",L
1485,"Ledward, Gilbert",L
2246,"Lee, Catherine",L
339,"Lee, Frederick Richard",L
16778,"Lee, Seung-Taek",L
1486,"Lee, Sydney",L
340,"Lee, Thomas Stirling",L
8894,"Lee, Tim",L
2640,"Lee, Ufan",L
2437,"Leech, John",L
1487,"Lees, Derwent",L
1488,"Léger, Fernand",L
1489,"Legnaghi, Igino",L
341,"Legros, Alphonse",L
1490,"Lehmbruck, Wilhelm",L
1491,"Leigh, Maude Boughton",L
342,"Leighton, Lord Frederic",L
1492,"Leirner, Felicia",L
13769,"Leirner, Jac",L
12638,"Leirner, Nelson",L
343,"Lely, Sir Peter",L
344,"Lemon, Arthur",L
1493,"Lenk, Kaspar-Thomas",L
2513,"Lennox, Lord William Pitt",L
4828,"Leonard, Zoe",L
3192,Leonilson (José Leonilson Bezerra Dias),L
1496,"Leslie, Alexander J.",L
346,"Leslie, Charles Robert",L
347,"Leslie, George Dunlop",L
1497,"Lessore, Helen",L
1498,"Lessore, John",L
348,"Lethaby, William Richard",L
2278,"Lethbridge, Julian",L
2297,"Lett-Haines, Arthur",L
12048,"Leung, Yau",L
1499,"Leverett, David",L
2753,"Levine, Sherrie",L
1943,"Levy, Simon",L
1500,"Lewis, A. Neville",L
349,"Lewis, George Robert",L
350,"Lewis, John Frederick",L
1501,"Lewis, Morland",L
1502,"Lewis, Wyndham",L
1504,"LeWitt, Sol",L
1506,"Lhote, André",L
7467,"Li, Yuan-chia",L
13716,"Libera, Zbigniew",L
1507,"Liberman, Alexander",L
1508,"Lichtenstein, Roy",L
2237,"Lieber, Tom",L
1509,"Liebermann, Max",L
1510,"Lightfoot, Maxwell Gordon",L
10429,"Ligon, Glenn",L
1511,"Lijn, Liliane",L
1512,"Lim, Kim",L
1513,"Lin, Richard",L
10844,Linder,L
1514,"Lindner, Richard",L
1515,"Lindström, Bengt",L
1516,"Ling, Rita M.",L
13288,"Ling, Simon",L
15409,"Linke, Simon",L
351,"Linnell, John",L
2268,"Linnell, William",L
352,"Linton, William",L
1517,"Lion, Flora",L
1518,"Lipchitz, Jacques",L
1519,"Lissitzky, El",L
1520,"Livens, Horace Mann",L
2438,"Liverseege, Henry",L
353,"Llewellyn, Sir William",L
2765,"Lloyd, Hilary",L
1521,"Lloyd, James",L
3080,"Lochore, Brad",L
11946,"Locke, Hew",L
2514,"Locke, William, of Norbury, Junior",L
2439,"Locker, Edward Hawke",L
6007,"Lockhart, Sharon",L
1522,"Logan, Peter",L
354,"Logsdail, William",L
1523,"Lohse, Richard Paul",L
1524,"Loker, John",L
1138,"London Gallery, The",L
2570,"Long, Amelia",L
2571,"Long, Charles",L
1525,"Long, Richard",L
505,"Longhi, Pietro",L
1526,"Longo, Robert",L
7268,"Lord, Andrew",L
355,"Lorimer, John Henry",L
9596,Los Carpinteros,L
2554,"Loudoun, Edith Maud Rawdon-Hasting, Countess of",L
1527,"Louis, Morris",L
1528,"Louw, Roelof",L
1529,"Low, Sir David",L
1530,"Lowe, Peter",L
1531,"Lowinsky, Thomas",L
1532,"Lowndes, Alan",L
1533,"Lowry, L.S.",L
11405,"Lozano-Hemmer, Rafael",L
1534,"Lozoff, Abrasha",L
2708,"Lucas, David",L
356,"Lucas, John Seymour",L
2643,"Lucas, Sarah",L
2341,Lucio,L
1535,Lucy and Eegyudluk,L
1536,"Lundquist, Evert",L
8594,"Lüpertz, Markus",L
16926,"Lye, Len",L
9403,"M/M (Paris, France), Mathias",M
357,"Macallum, Hamilton",M
2440,"Macartney, Carlile Henry Hayes",M
358,"Macbeth, Robert Walker",M
1537,"MacBryde, Robert",M
359,"Maccallum, Andrew",M
1538,"Maccari, Mino",M
6024,"Macchi, Jorge",M
360,"Maccoll, Dugald Sutherland",M
1539,"Macdonald, Frances",M
361,"Macdonald, Georgina",M
362,"Macgregor, William York",M
1540,"Mach, David",M
1541,"Machin, Arnold",M
7507,"Maciá, Oswaldo",M
1263,"Mack, Heinz",M
1542,"Mackay, Alex",M
1543,"Mackennal, Sir Bertram",M
1544,"Mackenzie, Alexander",M
1545,"Mackenzie, Alix",M
363,"Mackenzie, Frederick",M
1546,"Mackenzie, Warren",M
9555,"Mackie, Christina",M
1547,"Mackinnon, Sine",M
1548,"Mackintosh, Charles Rennie",M
1549,"Maclaren, Donald",M
365,"Maclise, Daniel",M
1550,"Mactaggart, Sir William",M
367,"MacWhirter, John",M
14729,"Madani, Tala",M
1551,"Maddox, Conroy",M
1552,"Maddox, Ronald",M
1553,"Magritte, René",M
1554,"Mahoney, Charles",M
1555,"Maillol, Aristide",M
1557,"Maitec, Ovidiu",M
1558,"Maitin, Sam",M
1559,"Maitland, Paul",M
6307,"Majerus, Michel",M
15619,"Makarius, Sameer",M
1560,"Makowski, Kazimierz",M
2372,"Malchair, John Baptist",M
1561,"Malevich, Kazimir",M
2377,"Malinowski, Antoni",M
13714,"Maljkovic, David",M
1562,"Malthouse, Eric",M
1563,Man Ray,M
2233,"Manby, Thomas",M
1564,"Mancini, Antonio",M
10069,"Mandel, Mike",M
1565,Mane-Katz,M
1566,"Manessier, Alfred",M
1567,"Manet, Edouard",M
7741,Mangelos,M
1568,"Mangold, Robert",M
6614,"Mangolte, Babette",M
1569,"Mann, Harrington",M
1570,"Manson, James Bolivar",M
14941,"Mantz, Werner",M
13085,"Manuel, Antonio",M
1571,"Manzoni, Piero",M
1572,"Manzu, Giacomo",M
11413,"Mapplethorpe, Robert",M
1573,"Mara, Tim",M
1574,"Maraz, Adriana",M
1575,"Marchand, Jean",M
1576,"Marchant, Paul",M
6852,"Marclay, Christian",M
1577,"Marcoussis, Louis",M
1578,"Marden, Brice",M
11145,Marepe,M
1579,"Mariani, Carlo Maria",M
8402,"Mariën, Marcel",M
1580,"Marin, John",M
1581,"Marini, Marino",M
2533,"Marks, Henry Stacy",M
1582,"Markson, Helena",M
368,"Marlow, William",M
2332,"Marquet, Albert",M
369,"Marshall, Benjamin",M
8806,"Marshall, William",M
370,"Marshall, William Calder",M
2515,"Marsingall, A",M
1583,"Martin, Agnes",M
15125,"Martin, Anne",M
2746,"Martin, Barry",M
2441,"Martin, Charles",M
6591,"Martin, Daria",M
2442,"Martin, Elias",M
1584,"Martin, Frank",M
2581,"Martin, J., of Canterbury",M
371,"Martin, John",M
1585,"Martin, Kenneth",M
1586,"Martin, Mary",M
8897,"Martin, Simon",M
11358,"Martinat Mendoza, Jose Carlos",M
372,"Martineau, Robert Braithwaite",M
2338,"Martini, Arturo",M
14609,Marwan (Marwan Kassab Bachi),M
1587,"Marx, Enid",M
2271,"Masi, Denis",M
1588,"Mason, Arnold",M
373,"Mason, George",M
1589,"Mason, Raymond",M
1590,"Masson, André",M
374,Master of the Giants,M
2516,"Masters, E.",M
1592,"Mathews, Denis",M
1593,"Matisse, Henri",M
1591,"Matschinsky-Denninghof, Brigitte",M
1594,Matta,M
7732,"Matta-Clark, Gordon",M
2745,"Matthiasdottir, Louisa",M
1595,"Maufra, Maxime",M
1596,"Maundrell, Charles",M
1597,"Maurer, Dora",M
1598,"Mauve, Anton",M
1599,"Maxwell, John",M
2367,"May, Nicholas",M
1600,"May, Phil",M
5672,"Mayakovsky, Vladimir",M
1601,"Mayor, Fred",M
1602,"Maze, Paul",M
7491,"McCall, Anthony",M
2766,"McCarthy, Paul",M
1603,"McCartney, Linda",M
1604,"McComb, Leonard",M
7026,"McCullin, Don",M
9572,"McElheny, Josiah",M
1605,"McEvoy, Ambrose",M
1606,"McEvoy, Mary",M
1607,"McEwen, Rory",M
5448,"McFadyen, Jock",M
1608,"McFall, David B.",M
2393,"McHale, John",M
2335,"McKeever, Ian",M
2194,"McKenna, Stephen",M
8631,"McKenzie, Lucy",M
1609,"McKinnon, Michael",M
364,"McLachlan, Thomas Hope",M
2787,"McLaughlin, John",M
1610,"McLean, Bruce",M
1611,"McLean, John",M
1612,"McMillan, William",M
2387,"McQueen, Steve",M
366,"McTaggart, William",M
1613,"McWilliam, F.E.",M
1625,"Me?trovic, Ivan",M
1614,"Mead, Dorothy",M
1615,"Meadows, Bernard",M
7084,"Meadows, Jason",M
7213,"Medalla, David",M
1616,"Medley, Robert",M
1617,"Mednikoff, Reuben",M
1618,"Mehring, Howard",M
1619,"Meidner, Else",M
6633,"Meireles, Cildo",M
9674,"Mekas, Jonas",M
2646,"Melland, Sylvia",M
1620,"Mellis, Margaret",M
11955,"Mellors, Nathaniel",M
17135,"Melnikov, Dmitrii",M
375,"Melville, Arthur",M
11167,"Mendieta, Ana",M
1621,"Meneeley, Ed",M
1622,"Meninsky, Bernard",M
376,"Menpes, Mortimer",M
377,"Mercier, Philip",M
2538,"Merivale, Francis",M
378,"Merritt, Anna Lea",M
1623,"Merz, Mario",M
12525,"Merz, Marisa",M
1624,"Mesens, E.L.T.",M
2670,"Messager, Annette",M
1626,"Methuen, Lord",M
7196,"Metzger, Gustav",M
1627,"Metzinger, Jean",M
4547,"Meyer, Bill",M
6872,"Meyer, Klaus",M
9059,"Michael, Alan",M
1628,"Michaux, Henri",M
1629,"Michell, Keith",M
2706,"Michelmore, Richard",M
1630,"Middleditch, Edward",M
5975,"Mikhailov, Boris",M
379,"Millais, Sir John Everett, Bt",M
1631,"Millares, Manolo",M
1632,"Miller, Godfrey",M
12117,"Miller, Harland",M
2195,"Miller, Jack",M
2561,"Miller, James",M
1633,"Milles, Carl",M
1634,"Millet, Francis Davis",M
2624,"Millington, Professor",M
1635,"Millington, Terence",M
380,"Millner, William Edwards",M
1636,"Milne, John",M
1637,"Milne, Malcolm",M
1638,"Milow, Keith",M
2220,"Milroy, Lisa",M
1639,"Milton, Peter",M
1640,"Minami, Keiko",M
1641,"Minaux, André",M
1642,"Minguzzi, Luciano",M
1643,"Mintchine, Abraham",M
1644,"Minton, John",M
10038,"Mir, Aleksandra",M
1645,"Mirea, Joan",M
1646,"Miró, Joan",M
2212,"Mistry, Dhruva",M
1647,"Mitchell, Denis",M
6461,"Mitchell, Joan",M
12049,"Mitidieri, Dario",M
2300,"Miyajima, Tatsuo",M
11249,"Model, Lisette",M
1648,"Modigliani, Amedeo",M
2669,"Moffatt, Tracey",M
13378,"Mofokeng, Santu",M
13004,"Moholy, Lucia",M
1649,"Moholy-Nagy, László",M
1650,"Moira, Gerald",M
15353,"Molodkin, Andrei",M
8784,"Monahan, Matthew",M
381,"Monamy, Peter",M
1651,"Mondrian, Piet",M
1652,"Monet, Claude",M
9245,"Monge, Priscilla",M
8296,"Monk, Jonathan",M
1653,"Monnington, Sir Thomas",M
2517,"Monro, Dr Thomas",M
2289,"Monro, Henry",M
1654,"Monro, Nicholas",M
18317,"Monteiro, Anjali",M
1655,"Montpetit, Guy",M
2298,"Moody, Ronald",M
1656,"Moon, Jeremy",M
1657,"Moon, Michael",M
5648,"Moor, Dmitrii",M
2518,"Moore Park, Carton",M
382,"Moore, Albert",M
13715,"Moore, Gareth",M
383,"Moore, Henry",M
1659,"Moore, Henry, OM, CH",M
2283,"Moore, James",M
13683,"Moore, Raymond",M
2551,"Moore, T.",M
11554,"Moran, Katy",M
1660,"Morandi, Giorgio",M
2196,"Mordmüller, Rainer G",M
384,"More, Jacob",M
1661,"Morellet, François",M
1662,"Moreton, Warwick",M
2634,Morin,M
2272,"Morison, Colin",M
1663,"Morisot, Berthe",M
11595,"Moriyama, Daido",M
385,"Morland, George",M
386,"Morland, Henry Robert",M
1664,"Morley, Harry",M
1665,"Morley, Malcolm",M
1666,"Morrice, James Wilson",M
2773,"Morris, Desmond",M
1668,"Morris, Michael",M
1669,"Morris, Robert",M
3099,"Morris, Sarah",M
1667,"Morris, Sir Cedric, Bt",M
388,"Morris, William",M
389,"Mortimer, John Hamilton",M
1670,"Morton, Alastair",M
2715,"Mosley, Charles",M
1671,"Moss, Marlow",M
1673,"Motherwell, Robert",M
2711,"Mottram, Charles",M
1674,"Moynihan, Rodrigo",M
1675,"Mozley, Charles",M
9571,"Mréjen, Valérie",M
13673,"Mroué, Rabih",M
2401,"Mucha, Reinhard",M
2672,"Mueck, Ron",M
390,"Muhrman, Henry",M
1676,"Muirhead, David",M
6009,"Müller, Matthias",M
391,"Müller, William James",M
2228,"Mullican, Matt",M
392,"Mulready, William",M
1677,"Muncaster, Claude",M
1678,"Munch, Edvard",M
1679,"Mundy, Henry",M
4231,"Muniz, Vik",M
393,"Munn, Paul Sandby",M
1680,"Munnings, Sir Alfred",M
2336,"Muñoz, Juan",M
9099,"Muñoz, Óscar",M
9852,"Muntadas, Antoni",M
1681,"Murphy, John",M
2344,"Murphy, Myles",M
1682,"Murray, Charles",M
394,"Murray, Charles Fairfax",M
1683,"Murray, Elizabeth",M
395,"Murray, Sir David",M
1684,"Murtic, Edo",M
6241,"Musgrave, David",M
2574,"Musgrave, George",M
1685,"Music, Zoran",M
7677,"Mutu, Wangechi",M
1686,"Myers, Bernard",M
7634,"Myles, Scott",M
396,"Mytens, Daniel, the Elder",M
1687,"Naghi Bey, Mohammed",N
8789,"Narkevicius, Deimantas",N
1688,"Nash, David",N
2443,"Nash, Frederick",N
1689,"Nash, John",N
1690,"Nash, Paul",N
7347,"Nashashibi, Rosalind",N
397,"Nasmyth, Patrick",N
2444,"Nattes, John Claude",N
1691,"Nauman, Bruce",N
11411,"Nay, Ernst",N
2616,"Naylor, Martin",N
1692,"Neagu, Paul",N
2519,"Neale, John Preston",N
398,"Nebot, Balthazar",N
1693,"Nechamkin, Sarah",N
3047,"Neel, Alice",N
1694,"Neiland, Brendan",N
2197,"Nellens, Roger",N
4020,"Nelson, Mike",N
1695,"Nemon, Oscar",N
5459,"Neshat, Shirin",N
2791,"Neto, Ernesto",N
10170,"Neuenschwander, Rivane",N
1696,"Nevelson, Louise",N
1697,"Nevinson, Christopher Richard Wynne",N
2650,"Newcomb, Mary",N
1698,"Newman, Avis",N
1699,"Newman, Barnett",N
6294,"Newman, Hayley",N
6664,"Newman, John",N
1700,"Newton, Algernon",N
2572,"Newton, Ann Mary",N
399,"Newton, Gilbert Stuart",N
2625,"Newton, Sir William",N
1701,"Nicholls, Bertram",N
1702,"Nicholson, Ben, OM",N
2251,"Nicholson, E.Q.",N
2520,"Nicholson, Francis",N
17882,"Nicholson, Isaac",N
1805,"Nicholson, Mabel",N
1703,"Nicholson, Sir William",N
2521,"Nicholson, Thomas Henry",N
1704,"Nicholson, Winifred",N
400,"Nicol, Erskine",N
3101,"Nicolson, Seamus",N
1705,"Nimptsch, Uli",N
401,"Nisbet, Robert Buchan",N
1706,"Nitsch, Hermann",N
7629,"Nitsche, Frank",N
2767,"Noble, Paul",N
402,"Noble, Robert",N
1707,"Noguchi, Isamu",N
5755,"Nogueira, Lucia",N
1708,"Nolan, Sir Sidney",N
1709,"Noland, Kenneth",N
1710,"Nolde, Emil",N
403,"North, John William",N
404,"Northcote, James",N
1711,"Oakley, Alfred J.",O
2698,"O'Casey, Breon",O
2189,"O'Connor, Andrew",O
2556,"O'Connor, James Arthur",O
2190,"O'Connor, John",O
2191,"O'Conor, Roderic",O
6667,"O'Donnell, Hugh",O
8244,"Oehlen, Albert",O
1712,"Oelman, Michael",O
2543,"Ofili, Chris",O
10282,"Ohanian, Melik",O
2718,"O'Hara, Frank",O
7730,"Oiticica, Hélio",O
16018,"Ojeikere, J.D. Okhai",O
11462,"Okon, Yoshua",O
1713,"Oldenburg, Claes",O
7640,"Olesen, Henrik",O
2198,"Olitski, Jules",O
2410,"Oliveira, Nathan",O
2445,"Oliver, Isaac",O
1714,"Oliver, Madge",O
2446,"Oliver, William",O
1715,"Olivier, Herbert A.",O
9842,"Olley, Jonathan",O
1716,"Olson, Eric",O
1717,"Olsson, Julius",O
7622,"Ondák, Roman",O
405,"O'Neill, George Bernard",O
1718,"Onley, Toni",O
1719,"Ono, Yoko",O
1720,"Onslow-Ford, Gordon",O
6159,"Onwin, Glen",O
2785,"Ophir, Gilad",O
4641,"Opie, Catherine",O
406,"Opie, John",O
1721,"Opie, Julian",O
1722,"Oppenheim, Dennis",O
2632,"Oppenheimer, J.",O
1723,"Opsomer, Isidore",O
2522,"Oram, W.",O
407,"Orchardson, Sir William Quiller",O
1724,"Organ, Bryan",O
2685,"Orozco, Gabriel",O
1725,"Orpen, Sir William",O
1726,"Orr, Chris",O
17008,"Orrock, James",O
8133,"Ortega, Damián",O
2380,"Ortman, George",O
11956,"Osbaldeston, David",O
12441,"Osborn, Emily",O
1727,"Osborn, William Evelyn",O
408,"Osborne, Walter Frederick",O
1728,"Ospovat, Henry",O
10612,"Otero, Alejandro",O
1729,"Otreba, Ryszard",O
16031,"Otsuji, Kiyoji",O
2447,"Ottley, William Young",O
409,"Ouless, Walter William",O
2205,"Oulton, Thérèse",O
2366,"Oursler, Tony",O
1730,"Ovenden, Graham",O
5847,"Owen, Peter",O
410,"Owen, Rev. Edward Pryce",O
2585,"Owen, Samuel",O
1731,"Ozenfant, Amédée",O
1732,"Paalen, Wolfgang",P
2389,"Pacheco, Ana Maria",P
1733,"Packham, Alex",P
14993,"Paiva, Pedro",P
13759,"Pak, Sheung Chuen",P
1734,"Paladino, Mimmo",P
2317,"Palermo, Blinky",P
1735,"Palmer, Garrick",P
1736,"Palmer, Roger",P
411,"Palmer, Samuel",P
18372,"Pankhurst, Sylvia",P
12007,"Panting, John",P
1737,"Paolini, Giulio",P
1738,"Paolozzi, Sir Eduardo",P
14433,"Pape, Lygia",P
7077,"Pardo, Jorge",P
5225,"Parent, Mimi",P
1739,"Park, Alistair",P
1740,"Park, John A.",P
2358,"Parker, Cornelia",P
1741,"Parker, Harold",P
1742,"Parker, Ray",P
2199,"Parkinson, Valerie",P
2750,"Parr, Martin",P
9107,"Parreno, Philippe",P
2448,"Parrott, William",P
412,"Pars, William",P
413,"Parsons, Alfred",P
414,"Parton, Ernest",P
1743,"Partridge, David",P
11244,"Partum, Ewa",P
9591,"Pascali, Pino",P
1744,"Pasmore, Victor",P
1745,"Pasmore, Wendy",P
1746,"Pasternak, Leonid",P
1747,"Patrick, J. McIntosh",P
2652,"Patterson, Richard",P
2397,"Patterson, Simon",P
18267,"Paul, Pallavi",P
5493,"Payne and Relph, Oliver and Nick",P
7120,"Payne, Oliver",P
2225,"Payne, William",P
1748,"Peacock, Ralph",P
415,"Peake, Robert",P
2321,"Pearce, Bryan",P
1749,"Pearlstein, Philip",P
2200,"Pears, Charles",P
1750,"Pearsh, Kevin",P
11736,"Peçanha, Osmar",P
14145,"Peeters, Henk",P
1751,"Pegram, Henry Alfred",P
1752,"Penagos, Rafael",P
1753,"Penck, A.R.",P
416,"Penley, Aaron Edwin",P
5715,"Penn, Irving",P
417,"Penny, Edward",P
1754,"Penone, Giuseppe",P
1755,"Penrose, Sir Roland",P
1756,"Peploe, Samuel John",P
418,"Peppercorn, Arthur Douglas",P
2523,"Percy, Lady Susan Elizabeth",P
2383,"Percy, Sidney Richard",P
1757,"Perera, Ed",P
2211,"Peri, Peter",P
10544,"Peri, Peter",P
12119,"Periton, Simon",P
10207,"Perjovschi, Dan",P
1758,"Perlin, Bernard",P
1759,"Permeke, Constant",P
9560,"Pernice, Manfred",P
16443,"Perriand, Charlotte",P
4657,"Perry, Grayson",P
1760,"Perryman, Margot",P
419,"Peters, Rev. Matthew William",P
420,"Pether, Henry",P
14320,"Petlin, Irving",P
2754,"Pettibon, Raymond",P
421,"Pettie, John",P
1761,"Pevsner, Antoine",P
11963,"Phaophanit, Vong",P
5251,"Philipsz, Susan",P
422,"Phillip, John",P
1763,"Phillips, Esq Peter",P
1764,"Phillips, Esq Tom",P
1762,"Phillips, Maurice",P
2301,"Phillips, Patrick",P
10772,"Phillips, Richard",P
423,"Phillips, Thomas",P
1765,"Philpot, Glyn Warren",P
1766,"Picabia, Francis",P
1767,"Picasso, Pablo",P
1769,"Piché, Roland",P
1768,"Pichet, Roland",P
5673,"Pichugin, Sergei Ivanovich",P
1770,"Pickard, Louise",P
424,"Pickersgill, Frederick Richard",P
2582,"Pickersgill, Henry Hall",P
425,"Pickersgill, Henry William",P
1771,"Pignon, Edouard",P
11779,"Pillsbury, Matthew",P
2313,"Pine, Robert Edge",P
1772,"Pinkney, Richard",P
426,"Pinwell, George John",P
1773,"Piper, Edward",P
1774,"Piper, John",P
4955,"Piper, Keith",P
2408,"Pippin, Steven",P
2254,"Pirandello, Fausto",P
11741,"Pires, Paulo",P
1775,"Pirie, Sir George",P
1776,"Pissarro, Camille",P
11753,"Pissarro, Esther",P
1777,"Pissarro, Lucien",P
8669,"Pistoletto, Michelangelo",P
1778,"Pitchforth, Roland Vivian",P
12678,"Piza, Arthur Luiz",P
2449,"Place, Francis",P
9377,"Plackman, Carl",P
1779,"Platt, John",P
12600,"Plender, Olivia",P
8802,"Pleydell-Bouverie, Katherine",P
1780,"Plowman, Chris",P
1781,"Plumb, John",P
2450,"Pocock, Isaac",P
427,"Pocock, Nicholas",P
1783,"Poirier, Anne and Patrick",P
1784,"Poliakoff, Serge",P
2213,"Polke, Sigmar",P
428,"Pollard, James",P
10693,"Pollard, Jane",P
2564,"Pollard, Robert",P
1785,"Pollock, Jackson",P
429,"Pomeroy, Frederick William",P
2768,"Pommerer, Peter",P
1786,"Pomodoro, Gio",P
1787,"Poole, Henry",P
430,"Poole, Paul Falconer",P
1788,"Poons, Larry",P
1789,"Pope, Nicholas",P
16646,"P-Orridge, Genesis",P
1791,"Porter, Frederick J.",P
10236,"Porter, Liliana",P
2524,"Porter, Sir Robert Ker",P
1792,"Porter, Stephen",P
1793,"Portway, Douglas",P
11040,"Posenenske, Charlotte",P
6668,"Posey, Sam",P
9662,"Post, Liza May",P
2635,"Potre, le",P
431,"Potter, Frank Huddlestone",P
1794,"Potter, Helen Beatrix",P
1795,"Potter, Mary",P
1796,"Potworowski, Peter",P
2525,"Powell, Joseph",P
432,"Poynter, Ambrose",P
433,"Poynter, Sir Edward",P
2786,"Prendergast, Kathy",P
1797,"Prendergast, Peter",P
3070,"Price, Ken",P
1798,"Priest, Margaret",P
5215,"Prince, Richard",P
1799,"Pringle, John Quinton",P
434,"Prinsep, Valentine Cameron",P
1800,"Procktor, Patrick",P
1801,"Procter, Dod",P
1802,"Procter, Ernest",P
1803,"Prout, Margaret Fisher",P
435,"Prout, Samuel",P
1804,"Pryde, James",P
1806,"Pryse, Gerald",P
1807,"Przybylski, Janusz",P
8470,"Puett, J. Morgan",P
1808,"Pulham, Peter Rose",P
11777,"Pumhösl, Florian",P
1809,"Puni, Iwan",P
2769,"Pyman, James",P
436,"Pyne, James Baker",P
2451,"Pyne, William Henry",P
3042,"Quadri, Saleem Arif",Q
1810,"Quaytman, Harvey",Q
15967,"Quaytman, R. H.",Q
8056,"Quinn, Ged",Q
2600,"Quinn, Marc",Q
7719,"Raad, Walid",R
1811,"Rackham, Arthur",R
2287,"Rae, Fiona",R
437,"Raeburn, Sir Henry",R
2693,"Raedecker, Michael",R
1812,"Raetz, Markus",R
1813,"Rainer, Arnulf",R
2526,"Ralph, Benjamin",R
2527,"Ralston, John",R
438,"Ramsay, Allan",R
2326,"Randall-Page, Peter",R
13424,"Rashed, Hani",R
1814,"Ratcliffe, William",R
1815,"Rauschenberg, Robert",R
439,"Raven, John Samuel",R
16385,"Raven, Lucy",R
1816,"Raven-Hill, Leonard",R
1817,"Ravilious, Eric",R
2615,"Rawsthorne, Isabel",R
2751,"Ray, Charles",R
4749,"Rayson, David",R
1818,"Raysse, Martial",R
440,"Read, David Charles",R
2528,"Rebecca, Biagio",R
1819,"Rebeyrolle, Paul",R
13672,"Rechmaoui, Marwan",R
1820,"Reder, Bernard",R
441,"Redgrave, Richard",R
2348,"Redo, Achill",R
2243,"Redon, Odilon",R
1821,"Redpath, Anne",R
2783,"Reeb, David",R
18896,"Reeve, Hester",R
1822,"Reeve, Russell",R
1823,"Rego, Paula",R
14791,"Reid, Clunie",R
12111,"Reid, Jamie",R
442,"Reid, John Robertson",R
1824,"Reid, Sir Norman",R
10123,"Reigl, Judit",R
2604,"Reinagle, Philip",R
443,"Reinagle, Ramsay Richard",R
1825,"Reinganum, Victor",R
1826,"Reinhardt, Ad",R
7121,"Relph, Nick",R
2709,"Renger-Patzsch, Albert",R
1827,"Rennell, Lady Mary",R
8376,"Rennó, Rosângela",R
1828,"Renoir, Auguste",R
1829,"Repin, Ilya",R
11979,"Restiffe, Mauro",R
1830,"Reuter, Ingmar",R
1831,"Reuterswärd, Carl Frederik",R
1832,"Reynolds, Alan",R
2529,"Reynolds, Samuel William, Junior",R
444,"Reynolds, Sir Joshua",R
1833,"Reynolds-Stephens, Sir William",R
2394,"Reysschoot, Peter John van",R
1834,"Rhoades, Geoffrey",R
7682,"Rhoades, Jason",R
2699,"Rhodes, Carol",R
16111,"Rhodes, Lis",R
6175,"Rice, Brian",R
445,"Rich, Alfred William",R
1835,"Richards, Albert",R
1836,"Richards, Ceri",R
1837,"Richards, Frances",R
446,"Richards, John Inigo",R
2584,"Richardson, Jonathan",R
2452,"Richardson, Thomas Miles, Junior",R
1838,"Richardson-Jones, Keith",R
1839,"Richier, Germaine",R
447,"Richmond, George",R
1840,"Richmond, Oliffe",R
448,"Richmond, Sir William Blake",R
1841,"Richter, Gerhard",R
1842,"Richter, Vjenceslav",R
1843,"Ricketts, Charles",R
1844,"Rickey, George",R
11957,"Riddy, John",R
12898,"Rideal, Liz",R
449,"Ridley, Matthew White",R
2664,"Rielly, James",R
2555,"Rigby, Elizabeth",R
1845,"Riley, Bridget",R
450,"Riley, John",R
1846,"Rinke, Klaus",R
1847,"Riopelle, Jean-Paul",R
1848,"Ripley, Edward",R
451,"Rippingille, Edward Villiers",R
5465,"Rist, Pipilotti",R
1849,"Rivera, Diego",R
13335,"Rivera, Emilio",R
1851,"Rivera, Manuel",R
1852,"Rivers, Larry",R
452,"Rivers, Leopold",R
453,"Riviere, Briton",R
1853,"Robb, Brian",R
454,"Roberts, David",R
1854,"Roberts, Donald",R
2755,"Roberts, Julie",R
1855,"Roberts, William",R
1856,"Roberts-Jones, Ivor",R
14349,"Robilliard, David",R
1857,"Robinson, Frederick Cayley",R
455,"Robinson, Sir John Charles",R
1858,"Roboz, Zsuzsi",R
456,"Robson, George Fennel",R
858,"Rocamora, Jaume",R
1860,"Rodin, Auguste",R
3076,"Rodney, Donald",R
1861,"Rogers, Claude",R
10609,"Roh, Franz",R
2778,"Rollins, Tim",R
1862,"Rombaux, Egide",R
1863,"Romiti, Sergio",R
457,"Romney, George",R
458,"Rooke, Thomas Matthews",R
459,"Rooker, Michael Angelo",R
460,"Roper, Richard",R
1864,"Roschlau, Michael",R
1865,"Rosenberg, Isaac",R
1866,"Rosenquist, James",R
1867,"Rosoman, Leonard",R
6237,"Rossell, Daniela",R
461,"Rossetti, Dante Gabriel",R
1868,"Rosso, Medardo",R
1869,"Roszak, Theodore",R
11023,"Rotella, Mimmo",R
1870,"Roth, Dieter",R
1871,"Roth, Frank",R
3084,"Rothenberg, Jerome",R
1872,"Rothenberg, Susan",R
1873,"Rothenstein, Michael",R
1874,"Rothenstein, Sir William",R
1875,"Rothko, Mark",R
4734,"Rothschild, Eva",R
6432,"Rothschild, Judith",R
1876,"Rouault, Georges",R
1877,"Rousseau, Henri",R
462,"Roussel, Théodore",R
10196,"Rowe, Cliff",R
1878,"Rowell, Kenneth",R
463,"Rowlandson, Thomas",R
1879,"Rowntree, Kenneth",R
1880,"Roy, Pierre",R
2201,"Rozen, Felix",R
2654,"Rubens, Peter Paul",R
14439,"Ruby, Sterling",R
2258,"Rückriem, Ulrich",R
11907,"Rudesch Harley, Ross",R
2602,"Ruff, Thomas",R
1881,"Rugg, Matt",R
2244,"Rumney, Ralph",R
464,"Runciman, Alexander",R
8665,"Ruppersberg, Allen",R
1882,"Ruscha, Edward",R
1883,"Rushbury, Sir Henry",R
465,"Ruskin, John",R
466,"Russell, John",R
1884,"Russell, Sir Walter",R
7965,Russian School,R
1885,"Rutherston, Albert",R
467,"Rutland, Violet, Duchess of",R
13509,"Ruwedel, Mark",R
1886,"Ryan, Adrian",R
2293,"Ryan, Veronica",R
1887,"Ryland, Adolfine",R
468,"Ryley, Charles Reuben",R
1888,"Ryman, Robert",R
469,"Sadler, Walter Dendy",S
2770,"Sadotti, Giorgio",S
1889,"Said, Anne",S
2453,"Sailmaker, Isaac",S
1890,"Saint Phalle, Niki de",S
1891,"Saint-Gaudens, Augustus",S
6602,"Sala, Anri",S
2454,"Sala, George Augustus Henry",S
2695,"Salcedo, Doris",S
12051,"Salgado, Sebastião",S
1892,"Salle, David",S
11459,"Salmeron, Ernesto",S
1893,"Salt, John",S
2343,"Salter, Rebecca",S
11737,"Salvatore, Eduardo",S
2400,"Samaras, Lucas",S
471,"Sandby, Paul",S
472,"Sandby, Thomas",S
5319,"Sander, August",S
12947,"Sander, Gunther",S
1894,"Sander, Ludwig",S
2539,"Sanders, Ann",S
1895,"Sandle, Michael",S
1896,"Sands, Ethel",S
1897,"Sandys, Edwina",S
473,"Sandys, Frederick",S
474,"Sant, James",S
1898,"Sargant, Francis W.",S
475,"Sargent, John Singer",S
14843,"Sarkissian, Hrair",S
11137,"Sarmento, Julião",S
476,"Sartorius, Francis",S
477,"Sartorius, John Nost",S
7553,"Sasnal, Wilhelm",S
10700,"Saunders, David",S
1899,"Saunders, Helen",S
1900,"Saura, Antonio",S
12580,"Savage, Jon",S
11824,"Scanlan, Joe",S
1901,"Scarfe, Gerald, CBE",S
1902,"Scarfe, Laurence",S
2331,"Schad, Christian",S
10538,"Scheibitz, Thomas",S
9636,"Schendel, Mira",S
478,"Schetky, John Christian",S
7734,"Schinwald, Markus",S
1903,"Schmidt, Peter",S
1904,"Schmidt-Rottluff, Karl",S
1905,"Schnabel, Julian",S
5446,"Schneemann, Carolee",S
1906,"Schneider, Gerard",S
1907,"Schoonhoven, Jan",S
1908,"Schorr, Raoh",S
1909,"Schuffenecker, Emile",S
2277,"Schultze, Bernard",S
16115,"Schulz-Dornburg, Ursula",S
1910,"Schumacher, Emil",S
16341,"Schurmann, Herbert",S
2374,"Schütte, Thomas",S
1911,"Schwabe, Randolph",S
4823,"Schwarzkogler, Rudolf",S
1912,"Schwitters, Kurt",S
1913,"Scott, Campbell",S
479,"Scott, David",S
2573,"Scott, Frances",S
1914,"Scott, Robert",S
480,"Scott, Samuel",S
1915,"Scott, Tim",S
1916,"Scott, William",S
481,"Scott, William Bell",S
1917,"Scully, Sean",S
1918,"Seabrooke, Elliott",S
9835,"Seawright, Paul",S
2626,"Seba, Albertus",S
482,"Seddon, John Pollard",S
483,"Seddon, Thomas",S
1919,"Sedgley, Peter",S
4956,"Sedira, Zineb",S
12601,"Seers, Lindsay",S
1920,"Sefran, Gorazd",S
1921,"Segal, Arthur",S
484,"Segar, Sir William",S
8300,"Sehgal, Tino",S
1922,"Self, Colin",S
18266,"Sen, Mithu",S
1923,"Serra, Richard",S
10157,"Serralongue, Bruno",S
485,"Serres, Dominic",S
486,"Serres, John Thomas",S
1924,"Serusier, Paul",S
1925,"Setch, Terry",S
1926,"Seurat, Georges",S
1927,"Severini, Gino",S
487,"Severn, Joseph",S
488,"Seymour, James",S
1928,"Shackleton, William",S
1929,"Shadbolt, Jack",S
9857,"Shahbazi, Shirana",S
1930,"Shahn, Ben",S
16467,"Shahroudy Farmanfarmaian, Monir",S
1931,"Shannon, Charles",S
1932,"Shannon, Sir James Jebusa",S
1933,"Shapinsky, Harold",S
1934,"Shapiro, Joel",S
1935,"Shapiro, Shmuel",S
2455,"Sharpe, Charles Kirkpatrick",S
5253,"Shaw, George",S
9784,"Shaw, Raqib",S
13675,"Shawky, Wael",S
489,"Shayer, William, Senior",S
490,"Shee, Sir Martin Archer",S
491,"Sheffield, George",S
1936,"Shelley, John",S
2456,"Shelley, Samuel",S
14097,"Shemza, Anwar Jalal",S
1782,"Shepperson, Claude",S
1937,"Sheringham, George",S
2530,"Sherlock, William P.",S
1938,"Sherman, Cindy",S
12923,"Sherwin, Guy",S
14419,"Shibuya, Ryukichi",S
6670,"Shields, Alan",S
4753,"Shimamoto, Shozo",S
3081,"Shonibare, Yinka",S
5337,"Shore, Stephen",S
492,"Short, Sir Frank",S
10208,"Shrigley, David",S
493,"Siberechts, Jan",S
1939,"Sichel, Ernest Leopold",S
1940,"Sickert, Bernard",S
1941,"Sickert, Walter Richard",S
494,"Siddal, Elizabeth Eleanor",S
6878,"Sierra, Santiago",S
6005,"Sietsema, Paul",S
16982,"Sillman, Amy",S
1942,"Simmonds, William G.",S
6376,"Simmons, Laurie",S
2322,"Simmons, Rosemary",S
11458,"Simon, Taryn",S
2775,"Simpson, Jane",S
495,"Simpson, John",S
12577,"Simpson, Lorna",S
1944,"Sims, Charles",S
5261,"Singh, Raghubir",S
1945,"Singier, Gustave",S
496,"Singleton, Henry",S
1946,"Sintenis, Renée",S
5257,"Siqueiros, David Alfaro",S
1947,"Sironi, Mario",S
14489,"Siskind, Aaron",S
1948,"Sisley, Alfred",S
13391,"Skaer, Lucy",S
2457,"Skeaf, D.",S
1949,"Skeaping, John",S
497,"Skelton, Jonathan",S
1950,"Skiöld, Birgit",S
2458,"Skippe, John",S
498,"Slaughter, Stephen",S
1951,"Slawik, Bernard",S
499,"Sleap, Joseph Axe",S
500,"Sleter, Francesco",S
11404,"Slominski, Andreas",S
501,"Small, William",S
2531,"Smallwood, William Frome",S
1952,"Smart, Edgar Rowley",S
502,"Smetham, James",S
503,"Smirke, Robert",S
10029,"Smith, Bob and Roberta",S
2673,"Smith, Colin",S
1953,"Smith, David",S
504,"Smith, Frederick William",S
506,"Smith, George, of Chichester",S
1954,"Smith, Gordon",S
1955,"Smith, Hassel",S
1956,"Smith, Jack",S
1957,"Smith, Joel",S
12243,"Smith, John",S
508,"Smith, John `Warwick'",S
2568,"Smith, John Raphael",S
507,"Smith, John Thomas",S
2274,"Smith, Joseph Clarendon",S
12131,"Smith, Keir",S
2280,"Smith, Kiki",S
9594,"Smith, Melanie",S
1959,"Smith, Richard",S
509,"Smith, Sidney Robert James",S
1958,"Smith, Sir Matthew",S
2735,"Smith, Stephanie",S
2226,"Smith, Thomas",S
12052,"Smith, W. Eugene",S
4541,"Smithson, Robert",S
510,"Smythe, Lionel Percy",S
7516,"Soares, Valeska",S
1960,"Sobrino, Francisco",S
511,"Soest, Gilbert",S
12133,"Solakov, Nedko",S
3823,"Soldi, Andrea",S
6672,"Solien, T.L.",S
512,"Solomon, Abraham",S
513,"Solomon, Simeon",S
1961,"Solomon, Solomon J.",S
514,"Somerscales, Thomas J.",S
1962,"Somov, Konstantin",S
6628,"Sone, Yutaka",S
11853,"Sonnier, Keith",S
1963,"Sorel, Agathe",S
6673,"Sorman, Steven",S
1964,"Sorrell, Alan",S
1965,"Sorrell, Elizabeth",S
13098,"Sosnowska, Monika",S
1966,"Soto, Jesus Rafael",S
515,"Souch, John",S
1967,"Soukop, Willi",S
1968,"Soulages, Pierre",S
1969,"Southall, Derek",S
1970,"Southall, Joseph Edward",S
1971,"Soutine, Chaïm",S
1972,"Souza, F.N.",S
5888,Soviet School,S
1973,"Spear, Ruskin",S
1974,"Speed, Harold",S
1975,"Spencelayh, Charles",S
2124,"Spencer Watson, George",S
1976,"Spencer, Gilbert",S
2697,"Spencer, Jean",S
2532,"Spencer, Lady",S
1977,"Spencer, Sir Stanley",S
516,"Spencer, Thomas",S
1978,"Spender, Humphrey",S
2399,"Spero, Nancy",S
517,"Spilsbury, Maria",S
1979,"Spoerri, Daniel",S
1980,"Spruance, Benton",S
1981,"Spurrier, Steven",S
470,"St John Long, John St John",S
1982,"Stael, Nicolas de",S
1983,"Stahly, François",S
17224,"Staite-Murray, William",S
1984,"Stamos, Theodorus",S
518,"Stanfield, Clarkson Frederick",S
519,"Stanhope, John Roddam Spencer",S
520,"Stanley, Lady Dorothy",S
1985,"Starczewski, Antoni",S
10462,"Stark, Frances",S
521,"Stark, James",S
522,"Stark, Robert",S
2683,"Starkey, Hannah",S
7052,"Starling, Simon",S
2661,"Starr, Georgina",S
523,"Starr, Sydney",S
1986,"Startup, Peter",S
2594,"Staton, Sarah",S
1987,"Stazewski, Henryk",S
1988,"Steadman, Ralph",S
1989,"Steele, Jeffrey",S
1990,"Steer, Philip Wilson",S
1991,"Stein, Ronald",S
5227,"Steinbach, Haim",S
1992,"Steinlen, Théophile-Alexandre",S
1993,"Steir, Pat",S
1994,"Stella, Frank",S
524,"Stephens, Frederic George",S
1995,"Stephenson, Ian",S
1996,"Stephenson, John Cecil",S
15589,"Stern, Grete",S
16798,"Sterne, Hedda",S
1997,"Sterne, Maurice",S
525,"Stevens, Alfred",S
1998,"Stevens, Norman",S
1999,"Stevenson, James",S
526,"Stevenson, Robert Alan Mowbray",S
2000,"Stezaker, John",S
2001,"Still, Clyfford",S
11279,"Stingel, Rudolf",S
527,"Stokes, Adrian",S
2002,"Stokes, Adrian",S
528,"Stokes, Marianne",S
529,"Stone, Marcus",S
530,"Storey, George Adolphus",S
531,"Stothard, Thomas",S
533,"Stott of Oldham, William",S
532,"Stott, Edward",S
5739,"Strakhov-Braslavsky, Adolf",S
2003,"Strang, Ian",S
534,"Strang, William",S
387,"Streatfeild, Robert",S
535,"Stringer, Daniel",S
2005,"Stroud, Peter",S
536,"Strudwick, John Melhuish",S
2006,"Strunke, Niklavs",S
2339,"Struth, Thomas",S
2627,"Strutt, Arthur John",S
537,"Stuart, Gilbert",S
2007,"Stubbing, N.H.",S
538,"Stubbs, George",S
2008,"Studd, Arthur",S
2009,"Studin, Marin",S
10610,"tyrský, Jindrich",?
12796,"Suga, Kishio",S
2328,"Sugimoto, Hiroshi",S
12799,"Suh, Do Ho",S
8577,"Sullivan, Catherine",S
4433,"Sullivan, Christine",S
2010,"Sullivan, Edmund J.",S
2716,"Sullivan, Luke",S
6727,"Sultan, Altoon",S
6726,"Sultan, Donald",S
10068,"Sultan, Larry",S
2011,"Summers, Carol",S
2534,"Sunderland, Thomas",S
12053,"Suschitzky, Peter",S
2012,"Sutej, Miroslav",S
2575,"Sutherland, Elizabeth Leveson-Gower, Duchess-Countess of",S
2014,"Sutherland, Graham, OM",S
2015,"Sutton, Philip",S
2236,"Sutton, Trevor",S
11983,"Swain, Tony",S
539,"Swan, John Macallan",S
2016,"Swanson, John",S
12478,Swoon,S
540,"Swynnerton, Annie Louisa",S
2017,"Sydney, Berenice",S
2018,"Symons, Patrick",S
12979,"Szapocznikow, Alina",S
15133,"T R Uthco (Doug Hall born 1944, Diane Andrews Hall born 1945, Jody Procter 1944-1998)",T
4451,"Takahashi, Tomoko",T
15501,"Takamatsu, Jiro",T
2019,Takis,T
2020,"Talmage, Algernon",T
2021,"Tamayo, Rufino",T
7376,"Tan, Fiona",T
2022,"Tanabe, Takao",T
15957,"Tanavoli, Parviz",T
2023,"Tanguy, Yves",T
2024,"Tanning, Dorothea",T
2025,"Tapies, Antoni",T
2663,"Taslitzky, Boris",T
2459,"Tassaert, Philippe Joseph",T
2460,"Taverner, William",T
541,"Tayler, Frederick",T
542,"Taylor, John, of Bath",T
2027,"Taylor, Leonard Campbell",T
2347,"Taylor, Marcus",T
2535,"Taylor, Richard",T
2028,"Taylor, Walter",T
2595,"Taylor-Johnson, OBE Sam",T
2029,"Tchelitchew, Pavel",T
11739,"Teixeira Filho, Dalmo",T
11984,"Téllez, Javier",T
543,"Tenniel, Sir John",T
6728,"Teraoka, Masami",T
2030,"Teshigahara, Sofu",T
2031,"Tharrats, Joan-Josep",T
16241,The Society for Theoretical Art (Ian Burn; Mel Ramsden),T
2312,"Therrien, Robert",T
2032,"Thiebaud, Wayne",T
2033,"Thirsk, John",T
544,"Thirtle, John",T
2034,"Thomas, George Havard",T
545,"Thomas, George Housman",T
546,"Thomas, James Havard",T
547,"Thomas, John",T
2035,"Thomkins, André",T
2656,"Thompson, Jon",T
2036,"Thomson, Alfred R.",T
2037,"Thomson, George",T
548,"Thomson, Henry",T
549,"Thomson, Rev. John, of Duddingston",T
2536,"Thomson, W.",T
550,"Thornhill, Sir James",T
2038,"Thornton, Alfred",T
2039,"Thornton, Valerie",T
551,"Thornycroft, Sir Hamo",T
2040,"Thrall, Arthur",T
2299,"Thubron, Harry",T
17408,"Thuring, Caragh",T
2041,"Tibble, Geoffrey",T
11958,"Tickle, Matthew",T
552,"Tillemans, Peter",T
10836,"Tillim, Guy",T
2747,"Tillmans, Wolfgang",T
2042,"Tillyer, William",T
9777,"Tilson, Jake",T
2043,"Tilson, Joe",T
2044,"Tindle, David",T
2045,"Ting, Walasse",T
2046,"Tinguely, Jean",T
8704,"Tiravanija, Rirkrit",T
2047,"Tisdall, Hans",T
2048,"Tissot, James",T
6110,"Titchner, Mark",T
2049,"Tobey, Mark",T
2050,"Todd, A.R. Middleton",T
11484,"Toderi, Grazia",T
2051,"Toft, Albert",T
2052,"Toledano, Edward",T
2537,Tollemache,T
6854,"Tomaselli, Fred",T
2461,"Tomkins, William",T
2054,"Tomlin, Stephen",T
14997,"Tompkins, Hayley",T
2055,"Tonks, Henry",T
2056,"Topolski, Feliks",T
16792,"Toren, Amikam",T
2057,"Torner, Gustavo",T
9546,"Torres, Rubén Ortiz",T
17656,"Totchemetcheho, Léonard Cosme",T
2058,"Toulouse-Lautrec, Henri de",T
2059,"Tousignant, Serge",T
2060,"Town, Harold",T
553,"Towne, Francis",T
554,"Townroe, Reuben",T
2061,"Townsend, William",T
2062,"Travis, Ann",T
9778,"Treister, Suzanne",T
2063,"Tremblay, Gerard",T
2064,"Tremlett, David",T
2462,"Tresham, Henry",T
2065,"Trevelyan, Julian",T
2066,"Trockel, Rosemarie",T
2067,"Troostwyk, David",T
2068,"Troubetzkoy, Paul",T
2069,"Trova, Ernest",T
2540,"Trower, Walter John, Bishop of Gibraltar",T
2070,"Tryon, Wyndham",T
2071,"Tsai, Wen-Ying",T
2072,"Tsapline, Dmitri",T
2073,"Tucker, William",T
2227,"Tudor, Thomas",T
555,"Tuke, Henry Scott",T
2074,"Tunnard, John",T
2596,"Turk, Gavin",T
11960,"Turnbull, Alison",T
2075,"Turnbull, William",T
2076,"Turner, Alfred",T
13824,"Turner, Bruce",T
556,"Turner, Charles",T
557,"Turner, Daniel",T
2216,"Turner, F.C.",T
558,"Turner, Joseph Mallord William",T
2566,"Turner, W.",T
559,"Turner, William, of Oxford",T
2077,"Turner, Winifred",T
7017,"Turrell, James",T
2541,"Turton, M.",T
8006,"Tuttle, Richard",T
2612,"Tuymans, Luc",T
2078,"Tweed, John",T
2079,"Twombly, Cy",T
6729,"Tworkov, Jack",T
2080,"Tyrwhitt, Ursula",T
2081,"Tyson, Ian",T
4918,"Tyson, Keith",T
2681,"Tyson, Nicola",T
2082,"Tyzack, Michael",T
2083,"Uecker, Gunther",U
2084,"Uglow, Euan",U
2085,"Uhlig, Max",U
2771,"Uklanski, Piotr",U
2782,"Ullman, Micha",U
2086,"Ulreich, Edward Buk",U
2087,"Underwood, Leon",U
2463,"Underwood, Thomas Richard",U
12965,Unknown maker,U
2088,"Unwin, Francis",U
2089,"Unwin, Marianne",U
13751,"Unwin, Phoebe",U
7285,"Upritchard, Francis",U
8875,"Uslé, Juan",U
2090,"Utrillo, Maurice",U
560,"Uwins, Thomas",U
17134,V.Ch.K.,V
561,"Vacher, Charles",V
11947,"Vale, João Pedro",V
2091,"Valenti, Italo",V
17036,"Valette, Adolphe",V
2092,"Vallotton, Félix",V
2093,"Valoch, Jiri",V
562,"Van Aken, Joseph",V
2475,"Van Assen, Benedict Anthony",V
11521,"Van Der Zee, James",V
565,"Van Dyck, Sir Anthony",V
1052,"van Elk, Ger",v
566,"Van Heemskerk, Egbert, III",V
1505,"Van Leyden, Ernst",V
567,"Van Somer, Paul",V
563,"Vanderbank, John",V
11827,"Vaney, Anna Lena",V
2094,"Vantongerloo, Georges",V
17129,Vara,V
906,"Vardea, Chryssa",V
2792,"Varejao, Adriana",V
568,"Varley, Cornelius",V
569,"Varley, John",V
2464,"Varley, William Fleetwood",V
2095,"Vasarely, Victor",V
2096,"Vaughan, Keith",V
2097,"Vaux, Marc",V
2257,"Vedova, Emilio",V
2098,"Velde, Bram van",V
2099,"Velickovic, Vladimir",V
2100,"Venard, Claude",V
7830,"Vercruysse, Jan",V
2613,"Verelst, Harman",V
2101,"Verheyen, Jeff",V
2102,"Verlon, André",V
2384,"Vermeiren, Didier",V
570,"Verrio, Antonio",V
2103,"Vézelay, Paule",V
9909,"Vezzoli, Francesco",V
6856,"Vidokle, Anton",V
2104,"Vieira da Silva, Maria Helena",V
2651,"Vilaincour, Leon",V
2106,"Villard, Antoine",V
2748,"Villeglé, Jacques Mahé de la",V
2107,"Villers, Dee",V
2333,"Viola, Bill",V
4829,"Virtue, John",V
2108,"Visser, Carel",V
17732,"Vivares, Francis",V
12186,"Vlahos, Vangelis",V
2109,"Vlaminck, Maurice de",V
2110,"Vollon, Antoine",V
571,"Von Herkomer, Sir Hubert",V
1672,"Von Motesiczky, Marie-Louise",V
11893,"Vonna-Michell, Tris",V
2111,"Vordemberge-Gildewart, Friedrich",V
2112,"Vuillard, Edouard",V
1236,"Vuong, Ha van",V
573,"Wade, Thomas",W
2113,"Wadsworth, Edward",W
11825,"Wagener, Imke",W
574,"Wainwright, John",W
14825,"Wakely, Shelagh",W
2465,"Wale, Samuel",W
2583,"Walker, Anthony",W
2114,"Walker, Arthur G",W
2115,"Walker, Dame Ethel",W
575,"Walker, Frederick",W
2116,"Walker, John",W
2674,"Walker, Kara",W
16207,"Walker, Kelley",W
2117,"Wall, Brian",W
2359,"Wall, Jeff",W
576,"Waller, Samuel",W
2378,"Wallinger, Mark",W
577,"Wallis, Alfred",W
578,"Wallis, Henry",W
2118,"Walmsley, William",W
2119,"Walton, Edward Arthur",W
579,"Walton, Henry",W
2717,"Ward, David",W
580,"Ward, Edward Matthew",W
581,"Ward, James",W
2655,"Ward, John",W
13286,"Wardill, Emily",W
2120,"Wardle, Arthur",W
2121,"Warhol, Andy",W
2122,"Warren, Michael",W
9134,"Warren, Rebecca",W
582,"Waterford, Louisa Anne, Marchioness of",W
583,"Waterhouse, John William",W
584,"Waterlow, Sir Ernest Albert",W
2123,"Watson, Harry",W
2466,"Watson, John Dawson",W
2004,"Watson, Lyall",W
2125,"Watt, George Fiddes",W
585,"Watts, Frederick Waters",W
586,"Watts, George Frederic",W
2648,"Wearing, OBE Gillian",W
587,"Weaver, Thomas",W
2126,"Webb, Boyd",W
4736,"Webb, Gary",W
588,"Webb, James",W
589,"Webb, Philip",W
590,"Webster, Thomas",W
10651,"Wedemeyer, Clemens von",W
591,"Weekes, Henry",W
14213,"Weerasethakul, Apichatpong",W
2127,"Wegner, Nicholas",W
2128,"Weight, Carel",W
7743,"Weiner, Lawrence",W
2758,"Weiss, David",W
2206,"Welch, Denton",W
2129,"Wellington, Hubert L.",W
592,"Wells, Henry Tanworth",W
593,"Wells, Joanna Mary",W
2130,"Wells, John",W
2131,"Wemaere, Pierre",W
17198,"Wendt, Lionel",W
2132,"Wentworth, Richard",W
7604,"Wermers, Nicole",W
11096,"Werthein, Judi",W
2133,"Weschke, Karl",W
2134,"Wesselmann, Tom",W
594,"West, Benjamin",W
2700,"West, Franz",W
2135,"West, Walter",W
595,"Westall, Richard",W
596,"Westall, William",W
18071,"Westmacott, Richard",W
2720,"Weston, Edward",W
2576,"Wharncliffe, Lady",W
2544,"Wheatley, Clara",W
597,"Wheatley, Francis",W
2136,"Wheatley, Grace",W
2137,"Wheatley, John",W
2138,"Wheeler, Sir Charles",W
2139,"Whishaw, Anthony",W
598,"Whistler, James Abbott McNeill",W
2140,"Whistler, Rex",W
599,"Whitcombe, Thomas",W
2141,"White, Ethelbert",W
2288,"White, Lt-Col George Francis",W
7256,"White, Pae",W
2239,"Whiteford, Kate",W
2142,"Whiteley, Brett",W
2319,"Whiteread, Rachel",W
2143,"Whitney-Smith, Edwin",W
17412,"Whitten, Jack",W
2013,"Wiener, Martin",W
2144,"Wiens, Stephen M.",W
2597,"Wigram, Max",W
2145,"Wilde, Gerald",W
2146,"Wilding, Alison",W
11355,"Wilke, Hannah",W
12144,"Wilkes, Cathy",W
600,"Wilkie, Sir David",W
2147,"Willats, Stephen",W
601,"Willcock, George Burrell",W
2314,"Williams, Aubrey",W
10158,"Williams, Christopher",W
602,"Williams, Edward",W
2307,"Williams, Fred",W
2219,"Williams, Glynn",W
603,"Williams, Hugh William",W
2148,"Williams, Kyffin",W
604,"Williams, Penry",W
2149,"Williams, Terrick",W
605,"Williams, William",W
2150,"Willing, Victor",W
2151,"Willson, Terry",W
2467,"Wilson, Andrew",W
15855,"Wilson, Fred",W
4147,"Wilson, Jane",W
2793,"Wilson, Louise",W
10956,"Wilson, Richard",W
606,"Wilson, Richard",W
2152,"Wilson, Scottie",W
2545,"Wilson, William A.",W
607,"Windus, William Lindsay",W
2153,"Wines, James",W
2154,"Winner, Gerd",W
2668,"Winstanley, Paul",W
2155,"Winters, Terry",W
2468,"Wintour, John Crawford",W
2156,"Wise, Gillian",W
2157,"Wiseman, Albany",W
9087,"Wissing, Willem",W
2158,"Wiszniewski, Adrian",W
608,"Witherington, William Frederick",W
2159,"Witkin, Isaac",W
9936,"Wojnarowicz, David",W
2160,"Wolfe, Edward",W
2161,"Wolfe, Robert",W
3088,"Wolff, Christian",W
2162,"Wolff, Robert Jay",W
2163,"Wolmark, Alfred",W
2164,Wols,W
2165,"Wong, Judy",W
2166,"Wonnacott, John",W
2167,"Wood, Christopher",W
2601,"Wood, Craig",W
2168,"Wood, F. Derwent",W
7050,"Wood, John",W
609,"Woodforde, Samuel",W
2169,"Woodham, Derrick",W
10512,"Woodman, Francesca",W
2170,"Woodrow, Bill",W
610,"Woods, Henry",W
611,"Woodville, Richard Caton",W
2546,"Woodward, George Montard",W
612,"Woodward, Thomas",W
2730,"Wool, Christopher",W
2232,"Woolner, Thomas",W
613,"Wootton, John",W
2469,"Worlidge, Thomas",W
2171,"Wotruba, Fritz",W
2172,"Wragg, John",W
3095,"Wright, Austin",W
2373,"Wright, Edward",W
2774,"Wright, Elizabeth",W
614,"Wright, John Michael",W
615,"Wright, Joseph, of Derby",W
5905,"Wright, Richard",W
2173,"Wunderlich, Paul",W
616,"Wyatt, Henry",W
2567,"Wyck, Jan",W
2174,"Wyckaert, Maurice",W
2547,"Wykeham Archer, J.",W
17422,"Wylie, Rose",W
617,"Wyllie, Charles William",W
618,"Wyllie, William Lionel",W
2662,"Wyn Evans, Cerith",W
2175,"Wynne, David",W
2176,"Wynter, Bryan",W
10256,"Xu, Zhen",X
14410,"Yagaki, Shikanosuke",Y
2177,"Yale, Brian",Y
11740,"Yalenti, José",Y
15931,"Yalter, Nil",Y
16030,"Yamaguchi, Katsuhiro",Y
14400,"Yamawaki, Iwao",Y
2676,"Yanagi, Yukinori",Y
7370,"Yang, Fudong",Y
17410,"Yarrow, Catherine",Y
2386,"Yass, Catherine",Y
619,"Yeames, William Frederick",Y
2178,"Yeats, Jack Butler",Y
2179,"Yhap, Laetitia",Y
16784,"Yiadom-Boakye, Lynette",Y
8297,"Young, Carey",Y
2180,"Young, Robert",Y
15539,"Young-Hae Chang Heavy Industries (Young-Hae Chang, Marc Voge)",Y
1326,"Young-Hunter, John",Y
2181,"Yuon, Konstantin",Y
2182,"Yvaral, Jean-Pierre",Y
11598,"Zaatari, Akram",Z
13771,"Zabala, Horacio",Z
14306,"Zaccagnini, Carla",Z
2183,"Zack, Leon",Z
2184,"Zadkine, Ossip",Z
6730,"Zakanitch, Robert Rahway",Z
2185,"Zao, Wou-ki",Z
14153,"Zhang, Enli",Z
10126,"Ziegler, Toby",Z
13099,"Ziolkowski, Jakub Julian",Z
9937,"Zipp, Thomas",Z
2395,"Zittel, Andrea",Z
13100,"Zmijewski, Artur",Z
620,"Zoffany, Johan",Z
12542,"Zorio, Gilberto",Z
2186,"Zox, Larry",Z
621,"Zuccarelli, Francesco",Z
2187,"Zuloaga, Ignacio",Z
2188,"Zyw, Aleksander",Z
